{"stat.walkOneCm":57291,"stat.playerKills":2,"stat.drop.sky_orchards.resin_dirt":6,"stat.mineBlock.sky_orchards.sapling_dirt":1,"stat.leaveGame":1,"stat.craftItem.inspirations.wooden_crook":12,"stat.pickup.sky_orchards.acorn_petrified":7,"stat.useItem.tconstruct.rack":4,"stat.pickup.sky_orchards.resin_dirt":81,"stat.useItem.inspirations.wooden_crook":705,"stat.useItem.xlfoodmod.coffee":1,"stat.useItem.tp.toasted_bread":1,"stat.pickup.minecraft.log":57,"stat.jump":85,"stat.drop.inspirations.wooden_crook":2,"stat.craftItem.tconstruct.rack":8,"stat.pickup.rustic.crushing_tub":1,"stat.fallOneCm":435085,"stat.useItem.minecraft.planks":96,"stat.craftItem.sky_orchards.sapling_petrified":1,"stat.craftItem.rustic.crushing_tub":2,"stat.crouchOneCm":16910,"stat.mineBlock.sky_orchards.log_dirt":51,"stat.drop.sky_orchards.acorn_dirt":2,"stat.useItem.sky_orchards.sapling_petrified":3,"stat.pickup.sky_orchards.acorn_dirt":93,"stat.useItem.minecraft.dirt":3,"stat.sprintOneCm":4936,"stat.useItem.minecraft.stone_slab2":13,"stat.craftItem.minecraft.stick":28,"stat.craftItem.minecraft.wooden_axe":1,"stat.craftingTableInteraction":30,"stat.pickup.sky_orchards.sapling_dirt":121,"stat.mineBlock.sky_orchards.leaves_petrified":49,"stat.craftItem.minecraft.planks":140,"stat.damageTaken":1309,"stat.craftItem.minecraft.dirt":4,"stat.mineBlock.sky_orchards.leaves_dirt":661,"stat.pickup.minecraft.planks":2,"stat.flyOneCm":2980,"stat.deaths":3,"stat.mineBlock.minecraft.planks":3,"stat.drop":6,"stat.mineBlock.rustic.crushing_tub":1,"stat.playOneMinute":34212,"stat.craftItem.minecraft.wooden_slab":30,"stat.sneakTime":4846,"stat.useItem.sky_orchards.acorn_dirt":8,"stat.damageDealt":112,"stat.pickup.sky_orchards.sapling_petrified":12,"stat.craftItem.minecraft.bowl":4,"stat.timeSinceDeath":5914,"stat.useItem.minecraft.wooden_axe":50,"stat.drop.statues.blockplayerstatue":1,"stat.useItem.sky_orchards.sapling_dirt":11,"stat.mineBlock.sky_orchards.log_petrified":5}