{"stat.walkOneCm":59963,"stat.pickup.sky_orchards.sapling_dirt":16,"stat.mineBlock.sky_orchards.sapling_dirt":1,"stat.mineBlock.sky_orchards.leaves_petrified":5,"stat.craftItem.minecraft.planks":92,"stat.pickup.minecraft.stick":1,"stat.craftItem.extendedcrafting.handheld_table":1,"stat.pickup.advancementbook.advancement_book":1,"stat.damageTaken":1714,"stat.craftItem.minecraft.dirt":3,"stat.craftItem.minecraft.crafting_table":2,"stat.craftItem.inspirations.wooden_crook":1,"stat.mineBlock.sky_orchards.leaves_dirt":78,"stat.pickup.sky_orchards.resin_dirt":43,"stat.pickup.minecraft.planks":8,"stat.mineBlock.sky_orchards.amber_dirt":2,"stat.useItem.inspirations.wooden_crook":5,"stat.pickup.minecraft.log":30,"stat.flyOneCm":16849,"stat.deaths":5,"stat.mineBlock.minecraft.planks":1,"stat.pickup.minecraft.bowl":4,"stat.jump":146,"stat.craftItem.sky_orchards.amber_dirt":2,"stat.pickup.sky_orchards.amber_dirt":2,"stat.playOneMinute":35339,"stat.fallOneCm":333876,"stat.useItem.minecraft.planks":58,"stat.pickup.minecraft.torch":1,"stat.craftItem.rustic.crushing_tub":1,"stat.craftItem.minecraft.wooden_slab":6,"stat.pickup.sky_orchards.resin_petrified":10,"stat.sneakTime":3204,"stat.useItem.sky_orchards.acorn_dirt":3,"stat.damageDealt":131,"stat.pickup.sky_orchards.sapling_petrified":1,"stat.crouchOneCm":9651,"stat.mineBlock.sky_orchards.log_dirt":21,"stat.timeSinceDeath":24075,"stat.pickup.sky_orchards.acorn_dirt":35,"stat.mineBlock.minecraft.dirt":2,"stat.sprintOneCm":13664,"stat.useItem.minecraft.stone_slab2":11,"stat.useItem.sky_orchards.sapling_dirt":4,"stat.craftItem.minecraft.stick":8,"stat.craftItem.minecraft.wooden_axe":1,"stat.craftingTableInteraction":36}