{"stat.walkOneCm":44905,"stat.playerKills":1,"stat.leaveGame":1,"stat.craftItem.inspirations.wooden_crook":1,"stat.pickup.sky_orchards.resin_dirt":32,"stat.useItem.xlfoodmod.coffee":1,"stat.useItem.inspirations.wooden_crook":72,"stat.useItem.tp.toasted_bread":1,"stat.pickup.minecraft.log":43,"stat.jump":130,"stat.fallOneCm":1006241,"stat.useItem.minecraft.planks":138,"stat.craftItem.rustic.crop_stake":1,"stat.crouchOneCm":31732,"stat.mineBlock.sky_orchards.log_dirt":27,"stat.drop.sky_orchards.acorn_dirt":1,"stat.pickup.minecraft.dirt":1,"stat.pickup.sky_orchards.acorn_dirt":23,"stat.sprintOneCm":7171,"stat.useItem.minecraft.stone_slab2":13,"stat.craftItem.minecraft.stick":16,"stat.craftItem.minecraft.wooden_axe":1,"stat.craftingTableInteraction":6,"stat.pickup.sky_orchards.sapling_dirt":18,"stat.mineBlock.sky_orchards.leaves_petrified":1,"stat.craftItem.minecraft.planks":148,"stat.damageTaken":1603,"stat.pickup.inspirations.wooden_crook":1,"stat.mineBlock.sky_orchards.leaves_dirt":126,"stat.pickup.minecraft.planks":10,"stat.flyOneCm":74021,"stat.deaths":4,"stat.mineBlock.minecraft.planks":5,"stat.drop":1,"stat.playOneMinute":29095,"stat.pickup.minecraft.torch":1,"stat.pickup.sky_orchards.resin_petrified":5,"stat.sneakTime":9136,"stat.useItem.sky_orchards.acorn_dirt":2,"stat.damageDealt":155,"stat.timeSinceDeath":6165,"stat.useItem.minecraft.wooden_axe":39,"stat.useItem.sky_orchards.sapling_dirt":4,"stat.mineBlock.sky_orchards.log_petrified":5}