{"stat.chestOpened":64,"stat.useItem.inspirations.stone_crook":164,"stat.mineBlock.sky_orchards.log_coal":13,"stat.craftItem.sky_orchards.sapling_cottonwood":1,"stat.craftItem.sky_orchards.sapling_sand":1,"stat.drop.sky_orchards.resin_dirt":6,"stat.craftItem.ceramics.unfired_clay":4,"stat.drop.minecraft.wooden_pickaxe":2,"stat.leaveGame":2,"stat.mineBlock.minecraft.cobblestone":47,"stat.mineBlock.sky_orchards.leaves_gravel":194,"stat.pickup.minecraft.flint":17,"stat.pickup.sky_orchards.acorn_petrified":148,"stat.pickup.sky_orchards.resin_dirt":95,"stat.useItem.inspirations.wooden_crook":2724,"stat.pickup.pickletweaks.coal_piece":8,"stat.pickup.sky_orchards.resin_sand":29,"stat.craftItem.sky_orchards.sapling_coal":1,"stat.craftItem.minecraft.coal":1,"stat.pickup.sky_orchards.resin_clay":59,"stat.craftItem.sky_orchards.amber_iron":5,"stat.jump":393,"stat.useItem.sky_orchards.sapling_gravel":3,"stat.swimOneCm":1267,"stat.craftItem.tconstruct.rack":8,"stat.pickup.rustic.crushing_tub":1,"stat.fallOneCm":604192,"stat.useItem.minecraft.planks":96,"stat.craftItem.sky_orchards.sapling_petrified":1,"stat.useItem.minecraft.stone_axe":17,"stat.mineBlock.morecauldrons.oak_cauldron":4,"stat.crouchOneCm":35496,"stat.mineBlock.sky_orchards.log_dirt":60,"stat.craftItem.inspirations.stone_crook":1,"stat.mineBlock.sky_orchards.log_sand":16,"stat.craftItem.minecraft.torch":4,"stat.useItem.minecraft.dirt":3,"stat.pickup.minecraft.dirt":3,"stat.useItem.minecraft.stone_slab2":46,"stat.pickup.bonsaitrees.bonsaipot":1,"stat.pickup.sky_orchards.resin_cottonwood":9,"stat.craftingTableInteraction":110,"stat.craftItem.minecraft.furnace":1,"stat.mineBlock.sky_orchards.leaves_sand":165,"stat.pickup.sky_orchards.resin_bone":5,"stat.pickup.sky_orchards.sapling_sand":21,"stat.craftItem.sky_orchards.sapling_gravel":2,"stat.pickup.sky_orchards.sapling_dirt":151,"stat.craftItem.minecraft.stone_axe":1,"stat.damageTaken":2589,"stat.craftItem.minecraft.stone_pickaxe":1,"stat.useItem.minecraft.wooden_pickaxe":22,"stat.mineBlock.sky_orchards.leaves_dirt":701,"stat.mineBlock.minecraft.sapling":1,"stat.pickup.minecraft.cobblestone":39,"stat.pickup.minecraft.dye":13,"stat.pickup.minecraft.planks":2,"stat.drop.rustic.fertile_soil":1,"stat.flyOneCm":21098,"stat.pickup.rustic.fertile_soil":2,"stat.mineBlock.sky_orchards.leaves_coal":166,"stat.mineBlock.sky_orchards.sapling_petrified":1,"stat.pickup.sky_orchards.resin_coal":22,"stat.useItem.minecraft.stone_pickaxe":25,"stat.craftItem.minecraft.wooden_slab":30,"stat.pickup.sky_orchards.resin_petrified":177,"stat.pickup.sky_orchards.sapling_clay":35,"stat.pickup.statues.blockplayerstatue":2,"stat.damageDealt":316,"stat.pickup.sky_orchards.sapling_petrified":193,"stat.craftItem.minecraft.bowl":4,"stat.timeSinceDeath":20536,"stat.mineBlock.sky_orchards.leaves_cottonwood":52,"stat.mineBlock.minecraft.dirt":3,"stat.craftItem.minecraft.gravel":5,"stat.craftItem.minecraft.wooden_pickaxe":2,"stat.pickup.sky_orchards.acorn_bone":1,"stat.drop.minecraft.stick":1,"stat.walkOneCm":225768,"stat.pickup.ceramics.clay_bucket":3,"stat.useItem.minecraft.torch":1,"stat.useItem.morecauldrons.oak_cauldron":8,"stat.playerKills":4,"stat.mineBlock.sky_orchards.sapling_dirt":1,"stat.pickup.sky_orchards.leaves_clay":29,"stat.pickup.minecraft.stick":10,"stat.useItem.minecraft.log":8,"stat.useItem.minecraft.cobblestone":17,"stat.craftItem.inspirations.wooden_crook":63,"stat.furnaceInteraction":25,"stat.pickup.sky_orchards.acorn_clay":44,"stat.pickup.sky_orchards.leaves_sand":5,"stat.useItem.tconstruct.rack":4,"stat.useItem.sky_orchards.sapling_clay":3,"stat.craftItem.ceramics.clay_bucket":4,"stat.craftItem.morecauldrons.oak_cauldron":10,"stat.useItem.xlfoodmod.coffee":1,"stat.useItem.tp.toasted_bread":1,"stat.craftItem.tconstruct.soil":4,"stat.pickup.minecraft.log":303,"stat.pickup.minecraft.string":2,"stat.mineBlock.sky_orchards.log_gravel":32,"stat.drop.inspirations.wooden_crook":5,"stat.pickup.sky_orchards.resin_gravel":34,"stat.pickup.sky_orchards.acorn_coal":21,"stat.craftItem.rustic.crushing_tub":2,"stat.pickup.sky_orchards.acorn_gravel":57,"stat.useItem.sky_orchards.acorn_bone":2,"stat.mineBlock.sky_orchards.leaves_clay":277,"stat.craftItem.minecraft.stone_slab2":0,"stat.pickup.sky_orchards.sapling_cottonwood":2,"stat.pickup.sky_orchards.acorn_sand":33,"stat.craftItem.tconstruct.stone_stick":4,"stat.drop.sky_orchards.acorn_dirt":2,"stat.useItem.sky_orchards.sapling_petrified":29,"stat.pickup.minecraft.sapling":1,"stat.pickup.sky_orchards.acorn_dirt":101,"stat.sprintOneCm":47124,"stat.pickup.sky_orchards.sapling_gravel":17,"stat.pickup.sky_orchards.sapling_coal":25,"stat.craftItem.minecraft.stick":368,"stat.craftItem.minecraft.wooden_axe":13,"stat.pickup.ceramics.unfired_clay":3,"stat.mineBlock.sky_orchards.leaves_petrified":1396,"stat.craftItem.minecraft.planks":164,"stat.craftItem.minecraft.sand":1,"stat.pickup.minecraft.grass":1,"stat.craftItem.minecraft.dirt":6,"stat.pickup.morecauldrons.oak_cauldron":5,"stat.pickup.sky_orchards.leaves_gravel":5,"stat.craftItem.minecraft.clay_ball":24,"stat.mineBlock.minecraft.log":7,"stat.mineBlock.sky_orchards.log_clay":23,"stat.pickup.xlfoodmod.coffee_cup":2,"stat.deaths":8,"stat.mineBlock.minecraft.planks":3,"stat.drop":19,"stat.mineBlock.rustic.crushing_tub":1,"stat.pickup.sky_orchards.leaves_dirt":1,"stat.playOneMinute":123298,"stat.pickup.tconstruct.rack":8,"stat.craftItem.sky_orchards.sapling_clay":4,"stat.useItem.sky_orchards.sapling_coal":2,"stat.sneakTime":13357,"stat.mineBlock.sky_orchards.log_cottonwood":5,"stat.useItem.sky_orchards.acorn_dirt":18,"stat.useItem.minecraft.wooden_axe":267,"stat.craftItem.minecraft.brick":3,"stat.drop.statues.blockplayerstatue":2,"stat.craftItem.minecraft.clay":6,"stat.craftItem.minecraft.cobblestone":35,"stat.drop.minecraft.grass":8,"stat.useItem.sky_orchards.sapling_dirt":12,"stat.mineBlock.sky_orchards.log_petrified":126,"stat.diveOneCm":10560,"stat.drop.minecraft.wooden_axe":1,"stat.useItem.sky_orchards.sapling_sand":1,"stat.drop.sky_orchards.sapling_clay":1}