{"stat.chestOpened":59,"stat.pickup.sky_orchards.acorn_cottonwood":4,"stat.craftItem.ceramics.unfired_clay":1,"stat.mineBlock.sky_orchards.leaves_bone":189,"stat.leaveGame":1,"stat.mineBlock.minecraft.cobblestone":8,"stat.mineBlock.sky_orchards.leaves_gravel":177,"stat.pickup.minecraft.flint":6,"stat.useItem.sky_orchards.acorn_cottonwood":2,"stat.pickup.sky_orchards.acorn_petrified":60,"stat.craftItem.minecraft.bone":12,"stat.useItem.bonsaitrees.bonsaipot":3,"stat.pickup.sky_orchards.resin_dirt":139,"stat.useItem.inspirations.wooden_crook":404,"stat.pickup.sky_orchards.resin_sand":8,"stat.pickup.sky_orchards.resin_clay":97,"stat.craftItem.sky_orchards.amber_bone":4,"stat.craftItem.inspirations.bone_crook":1,"stat.jump":414,"stat.useItem.sky_orchards.sapling_gravel":4,"stat.swimOneCm":245,"stat.fallOneCm":502444,"stat.useItem.minecraft.planks":143,"stat.pickup.sky_orchards.leaves_bone":5,"stat.useItem.rustic.crushing_tub":3,"stat.craftItem.bonsaitrees.bonsaipot":13,"stat.useItem.minecraft.stone_axe":372,"stat.pickup.minecraft.gunpowder":2,"stat.mineBlock.morecauldrons.oak_cauldron":1,"stat.crouchOneCm":16623,"stat.mineBlock.sky_orchards.log_dirt":54,"stat.mineBlock.minecraft.chest":1,"stat.craftItem.minecraft.chest":7,"stat.useItem.sky_orchards.sapling_bone":3,"stat.pickup.minecraft.dirt":9,"stat.useItem.minecraft.dirt":5,"stat.useItem.minecraft.stone_slab2":29,"stat.pickup.bonsaitrees.bonsaipot":1,"stat.craftingTableInteraction":122,"stat.drop.sky_orchards.sapling_petrified":1,"stat.craftItem.sky_orchards.amber_clay":3,"stat.pickup.sky_orchards.resin_bone":48,"stat.pickup.sky_orchards.sapling_sand":1,"stat.mineBlock.tconstruct.rack":8,"stat.pickup.sky_orchards.sapling_dirt":60,"stat.craftItem.minecraft.stone_axe":8,"stat.craftItem.extendedcrafting.handheld_table":1,"stat.craftItem.sky_orchards.sapling_bone":1,"stat.pickup.minecraft.wooden_pickaxe":1,"stat.damageTaken":2929,"stat.craftItem.minecraft.wooden_button":52,"stat.mineBlock.minecraft.torch":1,"stat.useItem.minecraft.wooden_pickaxe":10,"stat.mineBlock.sky_orchards.leaves_dirt":393,"stat.pickup.minecraft.cobblestone":6,"stat.pickup.minecraft.dye":12,"stat.mineBlock.sky_orchards.amber_dirt":2,"stat.pickup.minecraft.planks":11,"stat.flyOneCm":61771,"stat.pickup.rustic.fertile_soil":1,"stat.craftItem.sky_orchards.amber_dirt":2,"stat.pickup.sky_orchards.amber_dirt":2,"stat.mineBlock.sky_orchards.sapling_petrified":1,"stat.craftItem.minecraft.wooden_slab":18,"stat.pickup.sky_orchards.resin_petrified":106,"stat.pickup.sky_orchards.sapling_clay":26,"stat.pickup.statues.blockplayerstatue":1,"stat.damageDealt":948,"stat.mineBlock.sky_orchards.log_bone":16,"stat.pickup.sky_orchards.sapling_petrified":66,"stat.timeSinceDeath":8413,"stat.mineBlock.minecraft.dirt":12,"stat.craftItem.sky_orchards.acorn_bone":2,"stat.pickup.sky_orchards.acorn_bone":70,"stat.walkOneCm":245678,"stat.craftItem.sky_orchards.amber_petrified":2,"stat.useItem.minecraft.chest":5,"stat.mineBlock.sky_orchards.sapling_dirt":1,"stat.pickup.sky_orchards.leaves_clay":31,"stat.pickup.minecraft.stick":81,"stat.pickup.minecraft.wooden_axe":1,"stat.pickup.advancementbook.advancement_book":2,"stat.pickup.sky_orchards.sapling_bone":20,"stat.pickup.minecraft.clay_ball":1,"stat.craftItem.minecraft.crafting_table":2,"stat.craftItem.inspirations.wooden_crook":10,"stat.furnaceInteraction":28,"stat.pickup.sky_orchards.acorn_clay":131,"stat.pickup.sky_orchards.leaves_sand":2,"stat.useItem.sky_orchards.sapling_clay":1,"stat.craftItem.ceramics.clay_bucket":1,"stat.killEntity.Creeper":1,"stat.useItem.xlfoodmod.coffee":1,"stat.useItem.tp.toasted_bread":1,"stat.pickup.minecraft.log":325,"stat.pickup.minecraft.string":2,"stat.mineBlock.sky_orchards.log_gravel":9,"stat.pickup.sky_orchards.resin_gravel":34,"stat.craftItem.rustic.crushing_tub":5,"stat.pickup.sky_orchards.acorn_gravel":22,"stat.mineBlock.sky_orchards.leaves_clay":103,"stat.pickup.sky_orchards.sapling_cottonwood":3,"stat.craftItem.minecraft.stone_slab2":0,"stat.pickup.sky_orchards.acorn_sand":13,"stat.useItem.sky_orchards.sapling_petrified":8,"stat.pickup.sky_orchards.acorn_dirt":113,"stat.sprintOneCm":73702,"stat.pickup.sky_orchards.sapling_gravel":25,"stat.craftItem.minecraft.stick":144,"stat.craftItem.minecraft.wooden_axe":5,"stat.mineBlock.sky_orchards.sapling_gravel":2,"stat.mineBlock.sky_orchards.leaves_petrified":390,"stat.craftItem.minecraft.planks":548,"stat.pickup.minecraft.grass":16,"stat.craftItem.minecraft.dirt":18,"stat.pickup.sky_orchards.leaves_gravel":2,"stat.pickup.inspirations.wooden_crook":1,"stat.craftItem.rustic.fertile_soil":9,"stat.mobKills":2,"stat.craftItem.minecraft.clay_ball":68,"stat.useItem.minecraft.dye":3,"stat.mineBlock.minecraft.log":1,"stat.mineBlock.sky_orchards.log_clay":9,"stat.pickup.xlfoodmod.coffee_cup":1,"stat.useItem.inspirations.bone_crook":453,"stat.deaths":9,"stat.mineBlock.minecraft.planks":4,"stat.pickup.minecraft.bowl":4,"stat.drop":1,"stat.pickup.sky_orchards.leaves_dirt":6,"stat.playOneMinute":124636,"stat.pickup.tconstruct.rack":8,"stat.pickup.minecraft.torch":4,"stat.sneakTime":6654,"stat.useItem.sky_orchards.acorn_dirt":12,"stat.mineBlock.bonsaitrees.bonsaipot":1,"stat.killEntity.Zombie":1,"stat.craftItem.minecraft.dye":12,"stat.useItem.minecraft.wooden_axe":58,"stat.craftItem.minecraft.brick":68,"stat.craftItem.minecraft.clay":14,"stat.craftItem.minecraft.cobblestone":8,"stat.useItem.sky_orchards.sapling_dirt":9,"stat.mineBlock.sky_orchards.log_petrified":51,"stat.pickup.minecraft.chest":1}