{"stat.chestOpened":24,"stat.mineBlock.sky_orchards.log_coal":13,"stat.craftItem.sky_orchards.sapling_cottonwood":1,"stat.craftItem.sky_orchards.sapling_sand":1,"stat.drop.sky_orchards.resin_dirt":6,"stat.craftItem.ceramics.unfired_clay":1,"stat.leaveGame":2,"stat.mineBlock.sky_orchards.leaves_gravel":194,"stat.pickup.minecraft.flint":17,"stat.pickup.sky_orchards.acorn_petrified":112,"stat.pickup.sky_orchards.resin_dirt":95,"stat.useItem.inspirations.wooden_crook":2217,"stat.pickup.pickletweaks.coal_piece":8,"stat.pickup.sky_orchards.resin_sand":6,"stat.craftItem.sky_orchards.sapling_coal":1,"stat.craftItem.minecraft.coal":1,"stat.pickup.sky_orchards.resin_clay":16,"stat.jump":223,"stat.useItem.sky_orchards.sapling_gravel":3,"stat.craftItem.tconstruct.rack":8,"stat.pickup.rustic.crushing_tub":1,"stat.fallOneCm":569750,"stat.useItem.minecraft.planks":96,"stat.craftItem.sky_orchards.sapling_petrified":1,"stat.mineBlock.morecauldrons.oak_cauldron":3,"stat.crouchOneCm":27549,"stat.mineBlock.sky_orchards.log_dirt":60,"stat.mineBlock.sky_orchards.log_sand":4,"stat.craftItem.minecraft.torch":4,"stat.useItem.minecraft.dirt":3,"stat.useItem.minecraft.stone_slab2":34,"stat.pickup.sky_orchards.resin_cottonwood":9,"stat.craftingTableInteraction":80,"stat.craftItem.minecraft.furnace":1,"stat.mineBlock.sky_orchards.leaves_sand":56,"stat.pickup.sky_orchards.resin_bone":5,"stat.pickup.sky_orchards.sapling_sand":3,"stat.craftItem.sky_orchards.sapling_gravel":2,"stat.pickup.sky_orchards.sapling_dirt":130,"stat.damageTaken":2329,"stat.mineBlock.sky_orchards.leaves_dirt":701,"stat.mineBlock.minecraft.sapling":1,"stat.pickup.minecraft.dye":13,"stat.pickup.minecraft.planks":2,"stat.flyOneCm":12863,"stat.mineBlock.sky_orchards.leaves_coal":166,"stat.mineBlock.sky_orchards.sapling_petrified":1,"stat.pickup.sky_orchards.resin_coal":22,"stat.craftItem.minecraft.wooden_slab":30,"stat.pickup.sky_orchards.resin_petrified":114,"stat.pickup.sky_orchards.sapling_clay":10,"stat.pickup.statues.blockplayerstatue":2,"stat.damageDealt":296,"stat.pickup.sky_orchards.sapling_petrified":136,"stat.craftItem.minecraft.bowl":4,"stat.timeSinceDeath":159,"stat.mineBlock.sky_orchards.leaves_cottonwood":52,"stat.craftItem.minecraft.gravel":4,"stat.pickup.sky_orchards.acorn_bone":1,"stat.walkOneCm":155375,"stat.pickup.ceramics.clay_bucket":2,"stat.useItem.minecraft.torch":1,"stat.useItem.morecauldrons.oak_cauldron":8,"stat.playerKills":3,"stat.mineBlock.sky_orchards.sapling_dirt":1,"stat.useItem.minecraft.log":5,"stat.useItem.minecraft.cobblestone":10,"stat.craftItem.inspirations.wooden_crook":48,"stat.furnaceInteraction":8,"stat.pickup.sky_orchards.acorn_clay":7,"stat.useItem.tconstruct.rack":4,"stat.craftItem.ceramics.clay_bucket":1,"stat.craftItem.morecauldrons.oak_cauldron":10,"stat.useItem.xlfoodmod.coffee":1,"stat.useItem.tp.toasted_bread":1,"stat.pickup.minecraft.log":204,"stat.pickup.minecraft.string":2,"stat.mineBlock.sky_orchards.log_gravel":32,"stat.drop.inspirations.wooden_crook":5,"stat.pickup.sky_orchards.resin_gravel":31,"stat.pickup.sky_orchards.acorn_coal":21,"stat.craftItem.rustic.crushing_tub":2,"stat.pickup.sky_orchards.acorn_gravel":48,"stat.mineBlock.sky_orchards.leaves_clay":114,"stat.craftItem.minecraft.stone_slab2":0,"stat.pickup.sky_orchards.sapling_cottonwood":2,"stat.pickup.sky_orchards.acorn_sand":14,"stat.drop.sky_orchards.acorn_dirt":2,"stat.useItem.sky_orchards.sapling_petrified":21,"stat.pickup.minecraft.sapling":1,"stat.pickup.sky_orchards.acorn_dirt":101,"stat.sprintOneCm":29555,"stat.pickup.sky_orchards.sapling_gravel":16,"stat.pickup.sky_orchards.sapling_coal":25,"stat.craftItem.minecraft.stick":368,"stat.craftItem.minecraft.wooden_axe":11,"stat.pickup.ceramics.unfired_clay":3,"stat.mineBlock.sky_orchards.leaves_petrified":997,"stat.craftItem.minecraft.planks":164,"stat.craftItem.minecraft.dirt":6,"stat.pickup.morecauldrons.oak_cauldron":3,"stat.craftItem.minecraft.clay_ball":4,"stat.mineBlock.minecraft.log":4,"stat.mineBlock.sky_orchards.log_clay":9,"stat.pickup.xlfoodmod.coffee_cup":2,"stat.deaths":7,"stat.mineBlock.minecraft.planks":3,"stat.drop":11,"stat.mineBlock.rustic.crushing_tub":1,"stat.playOneMinute":87298,"stat.craftItem.sky_orchards.sapling_clay":4,"stat.useItem.sky_orchards.sapling_coal":2,"stat.sneakTime":9860,"stat.mineBlock.sky_orchards.log_cottonwood":5,"stat.useItem.sky_orchards.acorn_dirt":18,"stat.useItem.minecraft.wooden_axe":214,"stat.drop.statues.blockplayerstatue":2,"stat.craftItem.minecraft.clay":1,"stat.craftItem.minecraft.cobblestone":26,"stat.useItem.sky_orchards.sapling_dirt":12,"stat.mineBlock.sky_orchards.log_petrified":87,"stat.drop.sky_orchards.sapling_clay":1}