{"stat.chestOpened":30,"stat.pickup.sky_orchards.acorn_cottonwood":4,"stat.craftItem.ceramics.unfired_clay":1,"stat.mineBlock.sky_orchards.leaves_bone":189,"stat.leaveGame":1,"stat.mineBlock.sky_orchards.leaves_gravel":177,"stat.pickup.minecraft.flint":6,"stat.useItem.sky_orchards.acorn_cottonwood":2,"stat.pickup.sky_orchards.acorn_petrified":60,"stat.craftItem.minecraft.bone":12,"stat.pickup.sky_orchards.resin_dirt":107,"stat.useItem.inspirations.wooden_crook":404,"stat.pickup.sky_orchards.resin_clay":25,"stat.craftItem.sky_orchards.amber_bone":4,"stat.craftItem.inspirations.bone_crook":1,"stat.jump":316,"stat.useItem.sky_orchards.sapling_gravel":4,"stat.fallOneCm":467377,"stat.useItem.minecraft.planks":122,"stat.useItem.rustic.crushing_tub":3,"stat.craftItem.bonsaitrees.bonsaipot":1,"stat.useItem.minecraft.stone_axe":253,"stat.pickup.minecraft.gunpowder":2,"stat.crouchOneCm":14477,"stat.mineBlock.sky_orchards.log_dirt":43,"stat.craftItem.minecraft.chest":2,"stat.useItem.sky_orchards.sapling_bone":3,"stat.pickup.minecraft.dirt":1,"stat.useItem.minecraft.stone_slab2":17,"stat.craftingTableInteraction":84,"stat.drop.sky_orchards.sapling_petrified":1,"stat.craftItem.sky_orchards.amber_clay":3,"stat.pickup.sky_orchards.resin_bone":42,"stat.pickup.sky_orchards.sapling_dirt":53,"stat.craftItem.minecraft.stone_axe":4,"stat.craftItem.extendedcrafting.handheld_table":1,"stat.craftItem.sky_orchards.sapling_bone":1,"stat.damageTaken":2686,"stat.mineBlock.sky_orchards.leaves_dirt":296,"stat.pickup.minecraft.dye":12,"stat.mineBlock.sky_orchards.amber_dirt":2,"stat.pickup.minecraft.planks":11,"stat.flyOneCm":43788,"stat.craftItem.sky_orchards.amber_dirt":2,"stat.pickup.sky_orchards.amber_dirt":2,"stat.mineBlock.sky_orchards.sapling_petrified":1,"stat.craftItem.minecraft.wooden_slab":18,"stat.pickup.sky_orchards.resin_petrified":106,"stat.pickup.sky_orchards.sapling_clay":13,"stat.pickup.statues.blockplayerstatue":1,"stat.damageDealt":938,"stat.mineBlock.sky_orchards.log_bone":16,"stat.pickup.sky_orchards.sapling_petrified":66,"stat.timeSinceDeath":4258,"stat.mineBlock.minecraft.dirt":3,"stat.craftItem.sky_orchards.acorn_bone":2,"stat.pickup.sky_orchards.acorn_bone":59,"stat.walkOneCm":156844,"stat.craftItem.sky_orchards.amber_petrified":2,"stat.useItem.minecraft.chest":1,"stat.mineBlock.sky_orchards.sapling_dirt":1,"stat.pickup.minecraft.stick":14,"stat.pickup.minecraft.wooden_axe":1,"stat.pickup.advancementbook.advancement_book":2,"stat.pickup.sky_orchards.sapling_bone":18,"stat.pickup.minecraft.clay_ball":1,"stat.craftItem.minecraft.crafting_table":2,"stat.craftItem.inspirations.wooden_crook":10,"stat.furnaceInteraction":14,"stat.pickup.sky_orchards.acorn_clay":18,"stat.useItem.sky_orchards.sapling_clay":1,"stat.craftItem.ceramics.clay_bucket":1,"stat.killEntity.Creeper":1,"stat.useItem.xlfoodmod.coffee":1,"stat.useItem.tp.toasted_bread":1,"stat.pickup.minecraft.log":161,"stat.pickup.minecraft.string":2,"stat.mineBlock.sky_orchards.log_gravel":9,"stat.pickup.sky_orchards.resin_gravel":31,"stat.craftItem.rustic.crushing_tub":5,"stat.pickup.sky_orchards.acorn_gravel":16,"stat.mineBlock.sky_orchards.leaves_clay":103,"stat.pickup.sky_orchards.sapling_cottonwood":3,"stat.craftItem.minecraft.stone_slab2":0,"stat.useItem.sky_orchards.sapling_petrified":8,"stat.pickup.sky_orchards.acorn_dirt":85,"stat.sprintOneCm":41955,"stat.pickup.sky_orchards.sapling_gravel":25,"stat.craftItem.minecraft.stick":24,"stat.craftItem.minecraft.wooden_axe":2,"stat.mineBlock.sky_orchards.sapling_gravel":2,"stat.mineBlock.sky_orchards.leaves_petrified":390,"stat.craftItem.minecraft.planks":368,"stat.craftItem.minecraft.dirt":12,"stat.pickup.inspirations.wooden_crook":1,"stat.craftItem.rustic.fertile_soil":1,"stat.mobKills":2,"stat.craftItem.minecraft.clay_ball":12,"stat.useItem.minecraft.dye":3,"stat.mineBlock.sky_orchards.log_clay":9,"stat.pickup.xlfoodmod.coffee_cup":1,"stat.useItem.inspirations.bone_crook":453,"stat.deaths":8,"stat.mineBlock.minecraft.planks":4,"stat.pickup.minecraft.bowl":4,"stat.drop":1,"stat.pickup.sky_orchards.leaves_dirt":4,"stat.playOneMinute":88636,"stat.pickup.minecraft.torch":3,"stat.sneakTime":5824,"stat.useItem.sky_orchards.acorn_dirt":12,"stat.killEntity.Zombie":1,"stat.craftItem.minecraft.dye":12,"stat.useItem.minecraft.wooden_axe":49,"stat.craftItem.minecraft.brick":10,"stat.craftItem.minecraft.cobblestone":8,"stat.useItem.sky_orchards.sapling_dirt":7,"stat.mineBlock.sky_orchards.log_petrified":51}