{"stat.chestOpened":6,"stat.pickup.minecraft.bone":2,"stat.drop.minecraft.wooden_pickaxe":2,"stat.pickup.minecraft.gravel":1,"stat.pickup.minecraft.arrow":2,"stat.mineBlock.minecraft.cobblestone":6,"stat.pickup.xlfoodmod.coffee":1,"stat.killEntity.Human":2,"stat.useItem.minecraft.rotten_flesh":1,"stat.swimOneCm":4050,"stat.jump":268,"stat.pickup.minecraft.coal":132,"stat.fallOneCm":3716,"stat.climbOneCm":117,"stat.craftItem.minecraft.shield":1,"stat.pickup.minecraft.iron_ingot":1,"stat.useItem.minecraft.stone_axe":29,"stat.crouchOneCm":6619,"stat.drop.minecraft.brown_mushroom":1,"stat.craftItem.minecraft.chest":2,"stat.craftItem.minecraft.torch":72,"stat.craftItem.minecraft.iron_ingot":9,"stat.pickup.rustic.grape_stem":1,"stat.pickup.minecraft.dirt":485,"stat.pickup.minecraft.red_mushroom":2,"stat.useItem.minecraft.stone_slab2":8,"stat.mineBlock.minecraft.red_mushroom":1,"stat.craftingTableInteraction":21,"stat.pickup.minecraft.iron_ore":124,"stat.pickup.minecraft.rotten_flesh":5,"stat.craftItem.minecraft.furnace":2,"stat.pickup.minecraft.gold_ore":20,"stat.mineBlock.minecraft.lapis_ore":12,"stat.craftItem.minecraft.stone_axe":1,"stat.pickup.minecraft.wooden_pickaxe":1,"stat.damageTaken":350,"stat.pickup.minecraft.leather":6,"stat.craftItem.minecraft.stone_pickaxe":5,"stat.mineBlock.minecraft.torch":1,"stat.mineBlock.minecraft.furnace":1,"stat.useItem.minecraft.wooden_pickaxe":5,"stat.craftItem.minecraft.cooked_beef":7,"stat.pickup.minecraft.cobblestone":365,"stat.pickup.minecraft.dye":70,"stat.pickup.mysticalagriculture.crafting":1,"stat.pickup.minecraft.planks":6,"stat.pickup.minecraft.reeds":9,"stat.craftItem.minecraft.stone_sword":1,"stat.flyOneCm":23291,"stat.pickup.minecraft.brown_mushroom":1,"stat.mineBlock.minecraft.gravel":1,"stat.useItem.minecraft.stone_pickaxe":259,"stat.useItem.minecraft.cooked_beef":4,"stat.useItem.minecraft.stone_sword":13,"stat.killEntity.bouncy_creepers.bouncy_creeper":1,"stat.damageDealt":2548,"stat.pickup.minecraft.redstone":32,"stat.mineBlock.minecraft.iron_ore":89,"stat.timeSinceDeath":27440,"stat.killEntity.Cow":4,"stat.mineBlock.minecraft.dirt":485,"stat.useItem.minecraft.iron_pickaxe":319,"stat.craftItem.minecraft.wooden_pickaxe":1,"stat.craftItem.minecraft.iron_sword":1,"stat.pickup.minecraft.double_plant":7,"stat.walkOneCm":91042,"stat.useItem.minecraft.torch":64,"stat.useItem.minecraft.chest":1,"stat.pickup.minecraft.crafting_table":3,"stat.useItem.minecraft.cobblestone":45,"stat.craftItem.minecraft.crafting_table":2,"stat.furnaceInteraction":19,"stat.mineBlock.minecraft.coal_ore":86,"stat.useItem.tp.toasted_bread":1,"stat.pickup.minecraft.log":21,"stat.pickup.minecraft.beef":8,"stat.pickup.minecraft.furnace":1,"stat.craftItem.minecraft.stone_slab2":0,"stat.pickup.minecraft.stone":1,"stat.pickup.minecraft.sapling":9,"stat.sprintOneCm":52301,"stat.craftItem.minecraft.stick":48,"stat.killEntity.Skeleton":1,"stat.craftItem.minecraft.planks":84,"stat.useItem.minecraft.iron_sword":34,"stat.killEntity.rogue_android":1,"stat.mineBlock.minecraft.crafting_table":3,"stat.mobKills":12,"stat.mineBlock.minecraft.log":21,"stat.useItem.minecraft.beef":1,"stat.mineBlock.minecraft.waterlily":1,"stat.mineBlock.minecraft.planks":9,"stat.drop":3,"stat.mineBlock.minecraft.leaves":3,"stat.pickup.minecraft.egg":2,"stat.playOneMinute":27440,"stat.pickup.minecraft.torch":4,"stat.mineBlock.minecraft.redstone_ore":7,"stat.sneakTime":2213,"stat.craftItem.minecraft.iron_pickaxe":4,"stat.killEntity.Zombie":3,"stat.mineBlock.minecraft.stone":362,"stat.mineBlock.minecraft.gold_ore":20,"stat.mineBlock.minecraft.tallgrass":1,"stat.diveOneCm":850}