{"stat.chestOpened":4,"stat.pickup.minecraft.bone":2,"stat.pickup.minecraft.gravel":1,"stat.pickup.minecraft.arrow":2,"stat.mineBlock.minecraft.cobblestone":1,"stat.pickup.minecraft.flint":1,"stat.useItem.minecraft.porkchop":1,"stat.craftItem.sky_orchards.sapling_coal":1,"stat.useItem.minecraft.rotten_flesh":1,"stat.jump":1143,"stat.swimOneCm":12531,"stat.pickup.minecraft.coal":119,"stat.fallOneCm":28151,"stat.pickup.minecraft.melon_seeds":1,"stat.pickup.minecraft.porkchop":1,"stat.crouchOneCm":2400,"stat.craftItem.minecraft.iron_ingot":47,"stat.craftItem.minecraft.torch":36,"stat.craftItem.minecraft.chest":1,"stat.pickup.minecraft.dirt":15,"stat.craftItem.minecraft.iron_helmet":1,"stat.useItem.minecraft.stone_slab2":13,"stat.entityKilledBy.ranged_rogue_android":1,"stat.craftingTableInteraction":17,"stat.pickup.minecraft.iron_ore":56,"stat.pickup.minecraft.rotten_flesh":1,"stat.craftItem.minecraft.furnace":9,"stat.pickup.minecraft.gold_ore":14,"stat.mineBlock.minecraft.lapis_ore":2,"stat.craftItem.minecraft.iron_boots":1,"stat.damageTaken":770,"stat.pickup.minecraft.leather":4,"stat.craftItem.minecraft.wooden_button":1,"stat.mineBlock.minecraft.torch":1,"stat.craftItem.minecraft.stone_pickaxe":1,"stat.useItem.minecraft.wooden_pickaxe":15,"stat.useItem.minecraft.furnace":6,"stat.pickup.minecraft.cobblestone":238,"stat.pickup.minecraft.dye":11,"stat.pickup.minecraft.planks":13,"stat.craftItem.minecraft.stone_sword":1,"stat.flyOneCm":189974,"stat.pickup.minecraft.wheat_seeds":1,"stat.mineBlock.minecraft.gravel":2,"stat.useItem.minecraft.stone_pickaxe":70,"stat.useItem.minecraft.cooked_beef":2,"stat.useItem.minecraft.stone_sword":16,"stat.craftItem.minecraft.iron_leggings":1,"stat.damageDealt":1160,"stat.pickup.minecraft.redstone":9,"stat.mineBlock.minecraft.iron_ore":56,"stat.timeSinceDeath":10135,"stat.mineBlock.minecraft.dirt":15,"stat.useItem.minecraft.iron_pickaxe":360,"stat.craftItem.minecraft.wooden_pickaxe":2,"stat.walkOneCm":136822,"stat.useItem.minecraft.torch":26,"stat.pickup.inspirations.carrot_seeds":1,"stat.useItem.minecraft.cobblestone":16,"stat.furnaceInteraction":59,"stat.craftItem.minecraft.crafting_table":2,"stat.mineBlock.minecraft.double_plant":1,"stat.pickup.xlfoodmod.lettuce_seeds":1,"stat.mineBlock.minecraft.coal_ore":69,"stat.useItem.xlfoodmod.coffee":1,"stat.useItem.tp.toasted_bread":1,"stat.pickup.minecraft.log":9,"stat.craftItem.minecraft.stone_slab2":0,"stat.craftItem.minecraft.gold_ingot":9,"stat.pickup.minecraft.stone":28,"stat.craftItem.minecraft.iron_chestplate":1,"stat.pickup.minecraft.sapling":1,"stat.sprintOneCm":128626,"stat.pickup.minecraft.cooked_beef":6,"stat.craftItem.minecraft.stick":20,"stat.killEntity.Skeleton":1,"stat.killEntity.Horse":1,"stat.craftItem.minecraft.planks":36,"stat.entityKilledBy.rogue_android":1,"stat.pickup.minecraft.stone_sword":1,"stat.pickup.minecraft.pumpkin_seeds":1,"stat.mobKills":3,"stat.mineBlock.minecraft.log":10,"stat.deaths":3,"stat.mineBlock.minecraft.leaves":6,"stat.pickup.minecraft.beetroot_seeds":2,"stat.playOneMinute":71523,"stat.pickup.minecraft.torch":1,"stat.mineBlock.minecraft.redstone_ore":2,"stat.craftItem.minecraft.iron_pickaxe":2,"stat.sneakTime":1210,"stat.killEntity.Zombie":2,"stat.mineBlock.minecraft.stone":261,"stat.mineBlock.minecraft.gold_ore":14,"stat.mineBlock.minecraft.tallgrass":12,"stat.diveOneCm":497}