{"stat.drop.minecraft.stone_pickaxe":1,"stat.pickup.minecraft.bone":4,"stat.horseOneCm":50311,"stat.pickup.minecraft.gravel":2,"stat.pickup.minecraft.arrow":2,"stat.mineBlock.minecraft.cobblestone":5,"stat.craftItem.minecraft.cooked_porkchop":10,"stat.drop.minecraft.cooked_beef":6,"stat.killEntity.Human":7,"stat.useItem.minecraft.porkchop":1,"stat.useItem.minecraft.rotten_flesh":4,"stat.drop.minecraft.iron_pickaxe":1,"stat.jump":1349,"stat.swimOneCm":12277,"stat.pickup.minecraft.coal":54,"stat.fallOneCm":34073,"stat.pickup.minecraft.iron_ingot":38,"stat.useItem.minecraft.stone_axe":14,"stat.pickup.minecraft.melon_seeds":1,"stat.pickup.minecraft.porkchop":11,"stat.pickup.minecraft.gunpowder":4,"stat.crouchOneCm":36078,"stat.pickup.minecraft.spider_eye":1,"stat.craftItem.minecraft.torch":52,"stat.craftItem.minecraft.iron_ingot":35,"stat.pickup.minecraft.dirt":16,"stat.craftItem.minecraft.iron_helmet":1,"stat.useItem.minecraft.stone_slab2":11,"stat.useItem.minecraft.water_bucket":6,"stat.craftingTableInteraction":11,"stat.pickup.minecraft.iron_ore":105,"stat.pickup.minecraft.rotten_flesh":12,"stat.craftItem.minecraft.furnace":2,"stat.pickup.minecraft.gold_ore":4,"stat.mineBlock.minecraft.lapis_ore":7,"stat.craftItem.minecraft.stone_axe":1,"stat.craftItem.minecraft.iron_boots":1,"stat.pickup.minecraft.leather":5,"stat.damageTaken":615,"stat.craftItem.minecraft.stone_pickaxe":2,"stat.mineBlock.minecraft.torch":3,"stat.mineBlock.minecraft.furnace":4,"stat.useItem.minecraft.wooden_pickaxe":53,"stat.useItem.minecraft.furnace":2,"stat.craftItem.minecraft.cooked_beef":9,"stat.pickup.minecraft.cobblestone":425,"stat.pickup.minecraft.dye":39,"stat.pickup.minecraft.planks":16,"stat.craftItem.minecraft.stone_sword":1,"stat.flyOneCm":256634,"stat.pickup.minecraft.wheat_seeds":1,"stat.mineBlock.minecraft.gravel":2,"stat.useItem.minecraft.stone_pickaxe":220,"stat.useItem.minecraft.cooked_beef":3,"stat.useItem.minecraft.stone_sword":120,"stat.craftItem.minecraft.iron_leggings":1,"stat.pickup.statues.blockplayerstatue":1,"stat.killEntity.bouncy_creepers.bouncy_creeper":1,"stat.damageDealt":8451,"stat.pickup.minecraft.redstone":23,"stat.mineBlock.minecraft.iron_ore":74,"stat.timeSinceDeath":52489,"stat.killEntity.Cow":4,"stat.mineBlock.minecraft.dirt":12,"stat.useItem.minecraft.iron_pickaxe":397,"stat.craftItem.minecraft.wooden_pickaxe":1,"stat.killEntity.Pig":7,"stat.mineBlock.xlfoodmod.vanilla_flower":2,"stat.craftItem.minecraft.iron_sword":1,"stat.killEntity.ranged_rogue_android":3,"stat.killEntity.Bat":1,"stat.walkOneCm":136334,"stat.useItem.minecraft.torch":35,"stat.playerKills":1,"stat.pickup.inspirations.carrot_seeds":1,"stat.pickup.minecraft.crafting_table":4,"stat.useItem.minecraft.cobblestone":45,"stat.craftItem.minecraft.crafting_table":3,"stat.furnaceInteraction":24,"stat.mineBlock.minecraft.double_plant":5,"stat.useItem.minecraft.cooked_porkchop":4,"stat.pickup.xlfoodmod.lettuce_seeds":1,"stat.mineBlock.minecraft.coal_ore":39,"stat.killEntity.Creeper":2,"stat.useItem.xlfoodmod.coffee":1,"stat.useItem.tp.toasted_bread":1,"stat.pickup.minecraft.log":11,"stat.pickup.minecraft.beef":9,"stat.pickup.matteroverdrive.rogue_android_part":2,"stat.pickup.minecraft.furnace":4,"stat.entityKilledBy.Skeleton":1,"stat.drop.xlfoodmod.coffee_cup":1,"stat.craftItem.minecraft.stone_slab2":0,"stat.pickup.minecraft.stone":76,"stat.craftItem.minecraft.iron_chestplate":1,"stat.pickup.minecraft.sapling":3,"stat.sprintOneCm":129220,"stat.pickup.xlfoodmod.vanilla_flower":2,"stat.craftItem.minecraft.stick":32,"stat.killEntity.Skeleton":2,"stat.craftItem.minecraft.bucket":1,"stat.craftItem.minecraft.planks":44,"stat.useItem.minecraft.iron_sword":27,"stat.mineBlock.minecraft.diamond_ore":16,"stat.killEntity.rogue_android":4,"stat.mineBlock.minecraft.crafting_table":4,"stat.killEntity.Spider":1,"stat.pickup.minecraft.pumpkin_seeds":1,"stat.mobKills":41,"stat.mineBlock.minecraft.log":11,"stat.deaths":1,"stat.drop":4,"stat.pickup.minecraft.diamond":16,"stat.mineBlock.minecraft.leaves":43,"stat.pickup.minecraft.beetroot_seeds":2,"stat.playOneMinute":63961,"stat.pickup.minecraft.torch":4,"stat.mineBlock.minecraft.redstone_ore":5,"stat.sneakTime":15325,"stat.craftItem.minecraft.iron_pickaxe":2,"stat.killEntity.Zombie":7,"stat.mineBlock.minecraft.stone":502,"stat.mineBlock.minecraft.gold_ore":4,"stat.mineBlock.minecraft.tallgrass":45,"stat.diveOneCm":6167}