{"stat.pickup.tconstruct.book":1,"stat.leaveGame":3,"stat.pickup.bdsandm.wood_crate":9,"stat.killEntity.Blaze":1,"stat.entityKilledBy.Human":1,"stat.craftItem.sky_orchards.amber_bone":4,"stat.pickup.rustic.crushing_tub":1,"stat.pickup.sky_orchards.resin_lead":24,"stat.useItem.minecraft.planks":1478,"stat.mineBlock.sky_orchards.leaves_tin":166,"stat.craftItem.minecraft.shield":1,"stat.craftItem.minecraft.stone_pressure_plate":30,"stat.pickup.minecraft.glowstone_dust":2,"stat.mineBlock.sky_orchards.log_dirt":54,"stat.craftItem.horsepower.hand_grindstone":1,"stat.pickup.sky_orchards.resin_cottonwood":13,"stat.drop.sky_orchards.sapling_petrified":1,"stat.pickup.minecraft.rotten_flesh":19,"stat.craftItem.sky_orchards.amber_clay":3,"stat.pickup.sky_orchards.sapling_dirt":64,"stat.craftItem.minecraft.stone_axe":35,"stat.pickup.minecraft.bucket":1,"stat.killEntity.Enderman":1,"stat.mineBlock.sky_orchards.amber_dirt":2,"stat.useItem.minecraft.ender_pearl":1,"stat.craftItem.bdsandm.upgrade":8,"stat.killEntity.Witch":1,"stat.pickup.sky_orchards.resin_petrified":114,"stat.entityKilledBy.thermalfoundation.basalz":1,"stat.pickup.chiselsandbits.chiseled_wood":1,"stat.craftItem.chisel.marble2":1,"stat.useItem.minecraft.iron_pickaxe":18,"stat.craftItem.minecraft.wooden_pickaxe":4,"stat.killEntity.thermalfoundation.basalz":2,"stat.craftItem.simplegenerators.combustion_simple":2,"stat.pickup.thermalfoundation.material":4,"stat.useItem.minecraft.oak_stairs":5,"stat.craftItem.minecraft.golden_carrot":54,"stat.furnaceInteraction":530,"stat.useItem.minecraft.golden_carrot":30,"stat.killEntity.ZombieVillager":1,"stat.pickup.xlfoodmod.lettuce_seeds":1,"stat.mineBlock.sky_orchards.amber_iron":2,"stat.craftItem.thermalfoundation.material":179,"stat.pickup.sky_orchards.acorn_coal":12,"stat.craftItem.tcomplement.porcelain_casting":2,"stat.pickup.tconstruct.cast":1,"stat.pickup.sky_orchards.acorn_dirt":134,"stat.pickup.sky_orchards.sapling_coal":16,"stat.pickup.minecraft.skull":2,"stat.pickup.ceramics.unfired_clay":43,"stat.craftItem.minecraft.sand":21,"stat.useItem.sky_orchards.leaves_coal":25,"stat.mineBlock.sky_orchards.log_tin":15,"stat.pickup.minecraft.golden_carrot":56,"stat.pickup.sky_orchards.leaves_coal":4,"stat.craftItem.morecauldrons.cobble_cauldron":1,"stat.useItem.minecraft.dye":11,"stat.mineBlock.minecraft.oak_stairs":3,"stat.deaths":25,"stat.pickup.minecraft.bowl":4,"stat.pickup.sky_orchards.leaves_dirt":10,"stat.playOneMinute":798250,"stat.useItem.rustic.fertile_soil":1,"stat.pickup.tconstruct.rack":8,"stat.pickup.xlfoodmod.raw_corn":1,"stat.craftItem.minecraft.iron_pickaxe":2,"stat.useItem.sky_orchards.acorn_dirt":26,"stat.pickup.sky_orchards.sapling_lapis":2,"stat.pickup.minecraft.diamond_block":3,"stat.pickup.mekanism.otherdust":1,"stat.craftItem.inspirations.path":3,"stat.pickup.minecraft.netherrack":2,"stat.chestOpened":676,"stat.pickup.tconstruct.casting":3,"stat.craftItem.tp.cobblegen_block":1,"stat.pickup.minecraft.arrow":4,"stat.pickup.sky_orchards.acorn_petrified":71,"stat.mineBlock.sky_orchards.leaves_iron":45,"stat.useItem.inspirations.wooden_crook":404,"stat.pickup.sky_orchards.resin_sand":106,"stat.craftItem.minecraft.coal":154,"stat.useItem.xlfoodmod.raw_corn":1,"stat.useItem.sky_orchards.sapling_gravel":4,"stat.craftItem.buildinggadgets.buildingtool":1,"stat.fallOneCm":1306799,"stat.craftItem.sky_orchards.sapling_redstone":1,"stat.pickup.sky_orchards.leaves_bone":11,"stat.pickup.minecraft.carrot":277,"stat.crouchOneCm":95327,"stat.mineBlock.minecraft.chest":7,"stat.craftItem.minecraft.diamond":45,"stat.craftItem.minecraft.chest":345,"stat.craftItem.minecraft.iron_ingot":637,"stat.pickup.bonsaitrees.bonsaipot":54,"stat.pickup.sky_orchards.resin_lapis":10,"stat.craftItem.minecraft.hopper":97,"stat.craftingTableInteraction":427,"stat.pickup.sky_orchards.sapling_sand":15,"stat.mineBlock.tconstruct.rack":8,"stat.pickup.sky_orchards.sapling_tin":15,"stat.pickup.sky_orchards.acorn_redstone":64,"stat.pickup.minecraft.wooden_pickaxe":1,"stat.pickup.sky_orchards.resin_tin":30,"stat.craftItem.minecraft.wooden_button":52,"stat.mineBlock.bdsandm.wood_crate":9,"stat.useItem.minecraft.furnace":21,"stat.pickup.minecraft.dye":13,"stat.pickup.minecraft.planks":74,"stat.pickup.sky_orchards.resin_iron":1224,"stat.pickup.rustic.fertile_soil":32,"stat.craftItem.sky_orchards.amber_dirt":2,"stat.pickup.sky_orchards.amber_dirt":2,"stat.mineBlock.sky_orchards.sapling_petrified":1,"stat.useItem.minecraft.stone_pickaxe":26,"stat.mineBlock.minecraft.glass":1,"stat.craftItem.minecraft.iron_leggings":2,"stat.pickup.darkutils.material":1,"stat.mineBlock.sky_orchards.log_bone":16,"stat.craftItem.minecraft.oak_stairs":4,"stat.mineBlock.minecraft.dirt":42,"stat.pickup.sky_orchards.acorn_iron":1641,"stat.craftItem.sky_orchards.amber_tin":133,"stat.drop.advancementbook.advancement_book":1,"stat.useItem.minecraft.torch":17,"stat.pickup.minecraft.golden_apple":1,"stat.pickup.sky_orchards.sapling_iron":33,"stat.mineBlock.sky_orchards.sapling_dirt":1,"stat.pickup.sky_orchards.leaves_clay":77,"stat.craftItem.minecraft.redstone_block":3,"stat.pickup.advancementbook.advancement_book":3,"stat.useItem.minecraft.log":3,"stat.useItem.minecraft.cobblestone":3,"stat.craftItem.minecraft.crafting_table":4,"stat.craftItem.ceramics.clay_bucket":4,"stat.pickup.minecraft.log":1409,"stat.craftItem.tcomplement.porcelain_melter":1,"stat.mineBlock.rustic.fertile_soil":1,"stat.drop.tconstruct.sword_blade":1,"stat.pickup.sky_orchards.resin_gravel":79,"stat.craftItem.minecraft.gold_ingot":100,"stat.mineBlock.simplegenerators.combustion_upgradable":1,"stat.pickup.sky_orchards.acorn_sand":165,"stat.pickup.minecraft.sapling":9,"stat.pickup.minecraft.apple":1,"stat.mineBlock.minecraft.iron_block":3,"stat.mineBlock.sky_orchards.sapling_gravel":2,"stat.craftItem.minecraft.planks":6641,"stat.useItem.minecraft.iron_sword":130,"stat.killEntity.rogue_android":6,"stat.craftItem.minecraft.dirt":150,"stat.pickup.morecauldrons.oak_cauldron":1,"stat.killEntity.WitherSkeleton":1,"stat.craftItem.rustic.fertile_soil":99,"stat.mineBlock.minecraft.log":20,"stat.mineBlock.sky_orchards.log_clay":9,"stat.craftItem.minecraft.flower_pot":1,"stat.useItem.inspirations.bone_crook":453,"stat.pickup.sky_orchards.acorn_lapis":2,"stat.craftItem.minecraft.paper":1,"stat.useItem.sky_orchards.acorn_sand":16,"stat.sneakTime":27054,"stat.drop.minecraft.bucket":1,"stat.entityKilledBy.Blaze":1,"stat.useItem.minecraft.wooden_axe":58,"stat.craftItem.minecraft.cobblestone":8,"stat.useItem.sky_orchards.sapling_dirt":9,"stat.pickup.minecraft.chest":7,"stat.craftItem.minecraft.diamond_chestplate":1,"stat.pickup.minecraft.bone":17,"stat.mineBlock.tcomplement.porcelain_tank":1,"stat.craftItem.ceramics.unfired_clay":128,"stat.craftItem.minecraft.diamond_leggings":1,"stat.mineBlock.minecraft.cobblestone":77,"stat.mineBlock.sky_orchards.leaves_gravel":177,"stat.pickup.minecraft.flint":8,"stat.killEntity.Human":12,"stat.craftItem.minecraft.bone":12,"stat.craftItem.simplegenerators.fluid_combustion_simple":1,"stat.pickup.sky_orchards.resin_dirt":160,"stat.pickup.minecraft.flower_pot":1,"stat.pickup.pickletweaks.coal_piece":1,"stat.craftItem.minecraft.diamond_helmet":1,"stat.craftItem.sky_orchards.amber_iron":546,"stat.craftItem.inspirations.bone_crook":1,"stat.swimOneCm":970,"stat.useItem.rustic.crushing_tub":3,"stat.craftItem.minecraft.gold_block":1,"stat.mineBlock.morecauldrons.oak_cauldron":2,"stat.useItem.sky_orchards.sapling_bone":3,"stat.useItem.minecraft.dirt":13,"stat.useItem.minecraft.stone_slab2":129,"stat.craftItem.chargers.wireless_charger":1,"stat.craftItem.minecraft.furnace":39,"stat.craftItem.minecraft.lapis_block":3,"stat.craftItem.minecraft.bone_block":15,"stat.craftItem.extendedcrafting.handheld_table":1,"stat.craftItem.sky_orchards.sapling_bone":1,"stat.craftItem.minecraft.iron_boots":2,"stat.craftItem.minecraft.stone_pickaxe":1,"stat.mineBlock.sky_orchards.leaves_dirt":393,"stat.pickup.minecraft.cobblestone":140,"stat.craftItem.sky_orchards.amber_gold":19,"stat.pickup.minecraft.diamond_leggings":1,"stat.flyOneCm":1123270,"stat.craftItem.minecraft.glass_bottle":3,"stat.pickup.minecraft.clay":64,"stat.pickup.sky_orchards.sapling_lead":23,"stat.pickup.sky_orchards.resin_coal":7,"stat.craftItem.minecraft.wooden_slab":18,"stat.craftItem.sky_orchards.amber_lapis":1,"stat.useItem.thermaldynamics.duct_32":162,"stat.pickup.sky_orchards.sapling_petrified":70,"stat.mineBlock.morecauldrons.cobble_cauldron":2,"stat.pickup.minecraft.redstone":36,"stat.timeSinceDeath":55051,"stat.pickup.chiselsandbits.block_bit":138,"stat.killEntity.ranged_rogue_android":1,"stat.craftItem.minecraft.iron_block":1,"stat.craftItem.minecraft.stonebrick":32,"stat.pickup.minecraft.wooden_axe":1,"stat.pickup.chargers.charger":1,"stat.craftItem.tcomplement.porcelain_tank":2,"stat.craftItem.minecraft.concrete_powder":8,"stat.useItem.sky_orchards.sapling_clay":1,"stat.pickup.sky_orchards.acorn_lead":13,"stat.killEntity.Creeper":4,"stat.pickup.minecraft.shield":1,"stat.useItem.xlfoodmod.coffee":1,"stat.useItem.tp.toasted_bread":1,"stat.pickup.minecraft.string":9,"stat.pickup.sky_orchards.amber_iron":2,"stat.mineBlock.sky_orchards.leaves_clay":103,"stat.entityKilledBy.Skeleton":1,"stat.pickup.sky_orchards.sapling_cottonwood":6,"stat.craftItem.minecraft.stone_slab2":0,"stat.useItem.sky_orchards.sapling_petrified":8,"stat.craftItem.thermaldynamics.duct_32":180,"stat.pickup.thermaldynamics.duct_32":10,"stat.sprintOneCm":640382,"stat.pickup.minecraft.paper":1,"stat.craftItem.minecraft.stick":212,"stat.craftItem.minecraft.wooden_axe":5,"stat.useItem.carryon.tile_item":1,"stat.mineBlock.sky_orchards.leaves_petrified":443,"stat.craftItem.minecraft.stone":99,"stat.craftItem.minecraft.gold_nugget":486,"stat.pickup.minecraft.grass":16,"stat.craftItem.valkyrielib.modifier_speed":1,"stat.pickup.sky_orchards.leaves_gravel":23,"stat.useItem.minecraft.carrot":6,"stat.pickup.inspirations.wooden_crook":1,"stat.craftItem.bdsandm.crate_key":1,"stat.craftItem.cyclicmagic.auto_packager":1,"stat.craftItem.minecraft.clay_ball":564,"stat.mineBlock.sky_orchards.log_lead":15,"stat.pickup.xlfoodmod.coffee_cup":1,"stat.mineBlock.minecraft.planks":94,"stat.drop":7,"stat.pickup.simplegenerators.combustion_upgradable":1,"stat.mineBlock.rustic.leaves_apple":52,"stat.pickup.sky_orchards.leaves_lead":3,"stat.mineBlock.bonsaitrees.bonsaipot":54,"stat.pickup.minecraft.iron_block":22,"stat.killEntity.Zombie":20,"stat.craftItem.minecraft.dye":204,"stat.mineBlock.simplegenerators.combustion_simple":2,"stat.craftItem.minecraft.clay":139,"stat.diveOneCm":7287,"stat.pickup.sky_orchards.acorn_cottonwood":23,"stat.mineBlock.sky_orchards.leaves_bone":220,"stat.useItem.sky_orchards.acorn_cottonwood":2,"stat.pickup.morecauldrons.cobble_cauldron":2,"stat.useItem.bonsaitrees.bonsaipot":90,"stat.craftItem.chargers.charger":3,"stat.pickup.sky_orchards.resin_clay":361,"stat.useItem.minecraft.rotten_flesh":3,"stat.pickup.sky_orchards.leaves_iron":143,"stat.jump":6180,"stat.pickup.sky_orchards.acorn_tin":45,"stat.pickup.minecraft.coal":1,"stat.pickup.minecraft.iron_ingot":24,"stat.craftItem.bonsaitrees.bonsaipot":183,"stat.useItem.minecraft.stone_axe":1254,"stat.pickup.minecraft.gunpowder":8,"stat.pickup.minecraft.spider_eye":3,"stat.craftItem.minecraft.torch":16,"stat.pickup.minecraft.dirt":37,"stat.craftItem.minecraft.iron_helmet":2,"stat.useItem.sky_orchards.sapling_tin":2,"stat.pickup.chargers.wireless_charger":1,"stat.pickup.sky_orchards.resin_bone":55,"stat.pickup.tcomplement.porcelain_tank":1,"stat.pickup.sky_orchards.leaves_cottonwood":7,"stat.useItem.minecraft.sapling":1,"stat.pickup.minecraft.leaves":5,"stat.mineBlock.thermaldynamics.duct_32":10,"stat.damageTaken":9830,"stat.drop.tconstruct.cast":2,"stat.mineBlock.minecraft.torch":4,"stat.useItem.minecraft.wooden_pickaxe":76,"stat.pickup.mysticalagriculture.crafting":2,"stat.craftItem.sky_orchards.amber_lead":57,"stat.useItem.sky_orchards.amber_iron":2,"stat.pickup.minecraft.oak_stairs":3,"stat.pickup.sky_orchards.sapling_clay":30,"stat.pickup.statues.blockplayerstatue":1,"stat.useItem.bdsandm.wood_crate":93,"stat.killEntity.bouncy_creepers.bouncy_creeper":2,"stat.damageDealt":14833,"stat.craftItem.minecraft.glass":9,"stat.craftItem.minecraft.cauldron":1,"stat.mineBlock.sky_orchards.log_iron":5,"stat.craftItem.minecraft.gravel":12,"stat.craftItem.sky_orchards.acorn_bone":2,"stat.craftItem.minecraft.iron_sword":1,"stat.pickup.sky_orchards.acorn_bone":95,"stat.walkOneCm":1614045,"stat.craftItem.sky_orchards.amber_petrified":2,"stat.useItem.minecraft.chest":23,"stat.pickup.minecraft.stick":439,"stat.pickup.sky_orchards.sapling_bone":29,"stat.pickup.minecraft.clay_ball":218,"stat.craftItem.inspirations.wooden_crook":10,"stat.pickup.sky_orchards.acorn_clay":402,"stat.pickup.rustic.apple_seeds":1,"stat.pickup.sky_orchards.leaves_sand":54,"stat.craftItem.morecauldrons.oak_cauldron":1,"stat.craftItem.simplegenerators.combustion_upgradable":1,"stat.craftItem.slabmachines.chest_slab":38,"stat.craftItem.ceramics.faucet":2,"stat.mineBlock.sky_orchards.log_gravel":9,"stat.useItem.sky_orchards.sapling_lead":2,"stat.craftItem.minecraft.diamond_boots":1,"stat.craftItem.rustic.crushing_tub":5,"stat.pickup.sky_orchards.acorn_gravel":86,"stat.mineBlock.sky_orchards.leaves_lead":155,"stat.craftItem.minecraft.iron_chestplate":2,"stat.craftItem.sky_orchards.amber_redstone":35,"stat.craftItem.minecraft.redstone":27,"stat.pickup.minecraft.ender_pearl":2,"stat.pickup.sky_orchards.sapling_gravel":36,"stat.pickup.minecraft.gold_ingot":25,"stat.killEntity.Skeleton":3,"stat.useItem.sky_orchards.acorn_clay":39,"stat.craftItem.bdsandm.wood_crate":117,"stat.pickup.simplegenerators.combustion_simple":2,"stat.killEntity.Spider":7,"stat.mobKills":59,"stat.useItem.minecraft.golden_apple":1,"stat.pickup.minecraft.diamond":3,"stat.craftItem.valkyrielib.modifier_component":8,"stat.mineBlock.minecraft.leaves":107,"stat.mineBlock.rustic.crushing_tub":1,"stat.pickup.minecraft.torch":8,"stat.pickup.sky_orchards.leaves_tin":10,"stat.mineBlock.tconstruct.casting":2,"stat.craftItem.minecraft.brick":461,"stat.drop.tconstruct.book":1,"stat.mineBlock.sky_orchards.log_petrified":56}