{"stat.walkOneCm":48990,"stat.pickup.minecraft.bone":2,"stat.pickup.minecraft.arrow":2,"stat.useItem.minecraft.cobblestone":2,"stat.craftItem.minecraft.crafting_table":1,"stat.furnaceInteraction":4,"stat.useItem.minecraft.porkchop":1,"stat.useItem.xlfoodmod.coffee":1,"stat.useItem.tp.toasted_bread":1,"stat.craftItem.sky_orchards.sapling_coal":1,"stat.pickup.minecraft.log":9,"stat.useItem.minecraft.rotten_flesh":1,"stat.jump":573,"stat.swimOneCm":1573,"stat.pickup.minecraft.coal":2,"stat.fallOneCm":16756,"stat.craftItem.minecraft.stone_slab2":0,"stat.pickup.minecraft.porkchop":1,"stat.crouchOneCm":1050,"stat.pickup.minecraft.sapling":1,"stat.pickup.minecraft.dirt":3,"stat.sprintOneCm":66259,"stat.useItem.minecraft.stone_slab2":6,"stat.craftItem.minecraft.stick":8,"stat.craftingTableInteraction":7,"stat.pickup.minecraft.iron_ore":7,"stat.pickup.minecraft.rotten_flesh":1,"stat.killEntity.Skeleton":1,"stat.craftItem.minecraft.furnace":1,"stat.killEntity.Horse":1,"stat.craftItem.minecraft.planks":36,"stat.damageTaken":160,"stat.pickup.minecraft.leather":2,"stat.craftItem.minecraft.wooden_button":1,"stat.craftItem.minecraft.stone_pickaxe":1,"stat.mineBlock.minecraft.torch":1,"stat.useItem.minecraft.wooden_pickaxe":15,"stat.pickup.minecraft.cobblestone":66,"stat.mobKills":1,"stat.mineBlock.minecraft.log":10,"stat.pickup.minecraft.planks":13,"stat.craftItem.minecraft.stone_sword":1,"stat.flyOneCm":107751,"stat.mineBlock.minecraft.leaves":6,"stat.playOneMinute":35523,"stat.pickup.minecraft.torch":1,"stat.useItem.minecraft.stone_pickaxe":70,"stat.sneakTime":337,"stat.damageDealt":319,"stat.mineBlock.minecraft.iron_ore":7,"stat.timeSinceDeath":35523,"stat.mineBlock.minecraft.dirt":3,"stat.craftItem.minecraft.wooden_pickaxe":2,"stat.mineBlock.minecraft.stone":63,"stat.mineBlock.minecraft.tallgrass":6,"stat.diveOneCm":497}