{"stat.killEntity.ranged_rogue_android":3,"stat.drop.minecraft.stone_pickaxe":1,"stat.killEntity.Bat":1,"stat.walkOneCm":85098,"stat.pickup.minecraft.bone":3,"stat.useItem.minecraft.torch":14,"stat.horseOneCm":50311,"stat.pickup.minecraft.arrow":2,"stat.mineBlock.minecraft.cobblestone":2,"stat.pickup.minecraft.crafting_table":1,"stat.useItem.minecraft.cobblestone":6,"stat.craftItem.minecraft.crafting_table":3,"stat.killEntity.Human":3,"stat.mineBlock.minecraft.coal_ore":22,"stat.killEntity.Creeper":1,"stat.useItem.xlfoodmod.coffee":1,"stat.useItem.tp.toasted_bread":1,"stat.pickup.minecraft.log":6,"stat.useItem.minecraft.rotten_flesh":4,"stat.jump":597,"stat.swimOneCm":773,"stat.pickup.minecraft.coal":20,"stat.fallOneCm":18061,"stat.pickup.matteroverdrive.rogue_android_part":1,"stat.entityKilledBy.Skeleton":1,"stat.useItem.minecraft.stone_axe":6,"stat.pickup.minecraft.porkchop":1,"stat.pickup.minecraft.stone":23,"stat.pickup.minecraft.gunpowder":2,"stat.crouchOneCm":9902,"stat.craftItem.minecraft.torch":20,"stat.pickup.minecraft.dirt":13,"stat.sprintOneCm":53849,"stat.pickup.xlfoodmod.vanilla_flower":2,"stat.useItem.minecraft.stone_slab2":4,"stat.craftItem.minecraft.stick":16,"stat.craftingTableInteraction":3,"stat.pickup.minecraft.iron_ore":32,"stat.pickup.minecraft.rotten_flesh":4,"stat.killEntity.Skeleton":1,"stat.craftItem.minecraft.planks":24,"stat.craftItem.minecraft.stone_axe":1,"stat.killEntity.rogue_android":2,"stat.damageTaken":380,"stat.mineBlock.minecraft.crafting_table":1,"stat.craftItem.minecraft.stone_pickaxe":2,"stat.pickup.minecraft.pumpkin_seeds":1,"stat.mineBlock.minecraft.torch":1,"stat.useItem.minecraft.wooden_pickaxe":53,"stat.pickup.minecraft.cobblestone":184,"stat.mobKills":19,"stat.mineBlock.minecraft.log":6,"stat.pickup.minecraft.planks":16,"stat.craftItem.minecraft.stone_sword":1,"stat.flyOneCm":131611,"stat.deaths":1,"stat.drop":1,"stat.mineBlock.minecraft.leaves":1,"stat.playOneMinute":27961,"stat.pickup.minecraft.torch":1,"stat.useItem.minecraft.stone_pickaxe":220,"stat.sneakTime":6832,"stat.useItem.minecraft.stone_sword":66,"stat.damageDealt":4442,"stat.mineBlock.minecraft.iron_ore":32,"stat.killEntity.Zombie":5,"stat.timeSinceDeath":16489,"stat.mineBlock.minecraft.dirt":9,"stat.killEntity.Pig":2,"stat.craftItem.minecraft.wooden_pickaxe":1,"stat.mineBlock.minecraft.stone":206,"stat.mineBlock.minecraft.tallgrass":8,"stat.diveOneCm":2556,"stat.mineBlock.xlfoodmod.vanilla_flower":2}