{"stat.mineBlock.matteroverdrive.tritanium_ore":2,"stat.mineBlock.sky_orchards.log_coal":179,"stat.craftItem.sky_orchards.sapling_sand":1,"stat.leaveGame":6,"stat.drop.minecraft.redstone":36,"stat.mineBlock.rustic.leaves":52,"stat.entityKilledBy.Human":1,"stat.mineBlock.farmingforblockheads.market":3,"stat.pickup.rustic.crushing_tub":1,"stat.pickup.tconstruct.faucet":5,"stat.mineBlock.sky_orchards.log_dirt":60,"stat.pickup.sky_orchards.resin_cottonwood":30,"stat.pickup.minecraft.rotten_flesh":22,"stat.pickup.sky_orchards.acorn_diamond":68,"stat.craftItem.telepastries.nether_cake":1,"stat.craftItem.sky_orchards.sapling_gravel":2,"stat.pickup.sky_orchards.sapling_dirt":166,"stat.craftItem.minecraft.stone_axe":12,"stat.pickup.minecraft.bucket":3,"stat.killEntity.Enderman":2,"stat.mineBlock.rustic.log":12,"stat.drop.minecraft.sand":7,"stat.pickup.sky_orchards.resin_petrified":289,"stat.craftItem.chisel.marble2":16,"stat.craftItem.minecraft.wooden_pickaxe":2,"stat.mineBlock.tconstruct.clear_glass":1,"stat.pickup.tcomplement.porcelain_melter":1,"stat.useItem.vc.airships/item_airship":2,"stat.furnaceInteraction":495,"stat.useItem.minecraft.golden_carrot":39,"stat.mineBlock.telepastries.overworld_cake":1,"stat.useItem.sky_orchards.sapling_gold":3,"stat.killEntity.ZombieVillager":2,"stat.mineBlock.sky_orchards.amber_iron":2,"stat.pickup.minecraft.nether_brick":8,"stat.pickup.sky_orchards.acorn_coal":257,"stat.pickup.minecraft.beef":14,"stat.drop.sky_orchards.acorn_dirt":2,"stat.pickup.sky_orchards.acorn_dirt":137,"stat.pickup.inspirations.potato_seeds":4,"stat.pickup.sky_orchards.sapling_coal":136,"stat.pickup.ceramics.unfired_clay":3,"stat.drop.minecraft.lead":2,"stat.pickup.minecraft.potion":2,"stat.pickup.tconstruct.smeltery_io":6,"stat.useItem.minecraft.flint_and_steel":4,"stat.useItem.minecraft.wheat_seeds":8,"stat.pickup.sky_orchards.leaves_coal":71,"stat.useItem.minecraft.dye":958,"stat.deaths":19,"stat.useItem.tconstruct.smeltery_io":6,"stat.pickup.sky_orchards.leaves_dirt":9,"stat.pickup.xlfoodmod.raw_corn":36,"stat.drop.sky_orchards.sapling_tin":1,"stat.pickup.sky_orchards.sapling_lapis":38,"stat.drop.minecraft.iron_ingot":6,"stat.mineBlock.minecraft.tallgrass":449,"stat.useItem.sky_orchards.sapling_sand":1,"stat.pickup.tconstruct.seared":50,"stat.chestOpened":691,"stat.pickup.minecraft.arrow":11,"stat.pickup.sky_orchards.resin_redstone":36,"stat.craftItem.rustic.painted_wood_white":8,"stat.mineBlock.rustic.deathstalk_mushroom":1,"stat.mineBlock.sky_orchards.leaves_iron":385,"stat.pickup.minecraft.gold_nugget":111,"stat.drop.tconstruct.longsword":1,"stat.craftItem.minecraft.coal":285,"stat.useItem.sky_orchards.sapling_silver":1,"stat.useItem.sky_orchards.sapling_gravel":3,"stat.craftItem.sky_orchards.sapling_redstone":1,"stat.pickup.minecraft.carrot":263,"stat.crouchOneCm":109865,"stat.drop.sky_orchards.leaves_sand":3,"stat.craftItem.minecraft.diamond":45,"stat.craftItem.minecraft.iron_ingot":164,"stat.pickup.bonsaitrees.bonsaipot":10,"stat.pickup.sky_orchards.resin_lapis":51,"stat.craftItem.minecraft.hopper":6,"stat.craftingTableInteraction":365,"stat.craftItem.tconstruct.pattern":106,"stat.pickup.sky_orchards.acorn_redstone":18,"stat.mineBlock.tconstruct.smeltery_io":6,"stat.pickup.minecraft.dye":30,"stat.pickup.minecraft.planks":116,"stat.pickup.sky_orchards.resin_iron":362,"stat.pickup.minecraft.wheat_seeds":109,"stat.pickup.darkutils.material":5,"stat.craftItem.minecraft.magma":1,"stat.drop.sky_orchards.acorn_iron":3,"stat.mineBlock.minecraft.dirt":17,"stat.pickup.sky_orchards.acorn_iron":288,"stat.mineBlock.sky_orchards.leaves_lapis":367,"stat.pickup.tconstruct.pattern":1,"stat.pickup.sky_orchards.sapling_iron":59,"stat.pickup.inspirations.carrot_seeds":9,"stat.drop.minecraft.rotten_flesh":2,"stat.useItem.minecraft.cobblestone":449,"stat.mineBlock.minecraft.double_plant":1,"stat.pickup.tconstruct.pickaxe":1,"stat.drop.chiselsandbits.chiseled_grass":1,"stat.pickup.sky_orchards.resin_gravel":182,"stat.useItem.tconstruct.pickaxe":629,"stat.drop.minecraft.carrot":2,"stat.pickup.sky_orchards.resin_silver":15,"stat.craftItem.minecraft.gold_ingot":73,"stat.drop.minecraft.sapling":1,"stat.craftItem.chisel.chisel_iron":1,"stat.mineBlock.twilightforest.twilight_leaves":17,"stat.craftItem.minecraft.bucket":3,"stat.craftItem.minecraft.planks":1250,"stat.craftItem.minecraft.dirt":31,"stat.pickup.morecauldrons.oak_cauldron":12,"stat.craftItem.rustic.fertile_soil":6,"stat.mineBlock.minecraft.log":21,"stat.pickup.rustic.sapling_apple":2,"stat.craftItem.minecraft.paper":36,"stat.useItem.sky_orchards.sapling_diamond":11,"stat.useItem.sky_orchards.acorn_sand":58,"stat.pickup.minecraft.red_flower":24,"stat.craftItem.vc.item_airship_frame":2,"stat.mineBlock.sky_orchards.log_cottonwood":15,"stat.useItem.minecraft.wooden_axe":267,"stat.craftItem.minecraft.cobblestone":35,"stat.drop.minecraft.grass":8,"stat.drop.sky_orchards.resin_dirt":6,"stat.craftItem.minecraft.diamond_leggings":1,"stat.useItem.minecraft.iron_axe":425,"stat.mineBlock.minecraft.cobblestone":200,"stat.pickup.minecraft.flint":44,"stat.mineBlock.minecraft.yellow_flower":36,"stat.killEntity.Human":18,"stat.useItem.chiselsandbits.block_bit":1197,"stat.useItem.minecraft.skull":2,"stat.drop.thermalfoundation.material":1,"stat.craftItem.minecraft.wool":3,"stat.pickup.pickletweaks.coal_piece":81,"stat.drop.minecraft.cobblestone":12,"stat.mineBlock.morecauldrons.oak_cauldron":11,"stat.useItem.minecraft.obsidian":11,"stat.mineBlock.sky_orchards.leaves_redstone":220,"stat.useItem.minecraft.stone_slab2":282,"stat.pickup.minecraft.iron_boots":1,"stat.useItem.tconstruct.cleaver":1,"stat.craftItem.minecraft.furnace":3,"stat.craftItem.minecraft.lapis_block":3,"stat.pickup.tp.cobblegen_block":2,"stat.useItem.xlfoodmod.corn_seeds":10,"stat.craftItem.minecraft.cooked_beef":9,"stat.mineBlock.minecraft.obsidian":6,"stat.mineBlock.sky_orchards.leaves_dirt":701,"stat.craftItem.sky_orchards.amber_gold":97,"stat.drop.rustic.fertile_soil":1,"stat.flyOneCm":914736,"stat.mineBlock.sky_orchards.leaves_coal":1960,"stat.useItem.thermaldynamics.duct_32":8,"stat.mineBlock.morecauldrons.cobble_cauldron":5,"stat.timeSinceDeath":123729,"stat.pickup.twilightforest.twilight_sapling":2,"stat.pickup.chiselsandbits.block_bit":333,"stat.craftItem.tconstruct.seared":255,"stat.drop.chiselsandbits.chiseled_rock":1,"stat.useItem.tconstruct.rack":13,"stat.pickup.sky_orchards.acorn_lead":16,"stat.useItem.sky_orchards.amber_diamond":7,"stat.killEntity.Creeper":4,"stat.craftItem.minecraft.stone_hoe":1,"stat.mineBlock.sky_orchards.leaves_diamond":647,"stat.useItem.tp.toasted_bread":1,"stat.pickup.minecraft.string":14,"stat.pickup.sky_orchards.amber_iron":305,"stat.pickup.tcomplement.porcelain_casting":2,"stat.useItem.minecraft.milk_bucket":1,"stat.entityKilledBy.Skeleton":1,"stat.craftItem.tconstruct.stone_stick":4,"stat.useItem.sky_orchards.sapling_petrified":44,"stat.craftItem.tconstruct.tooltables":3,"stat.pickup.thermaldynamics.duct_32":9,"stat.sprintOneCm":554987,"stat.craftItem.minecraft.wooden_axe":13,"stat.useItem.carryon.tile_item":11,"stat.mineBlock.sky_orchards.leaves_petrified":2073,"stat.pickup.sky_orchards.leaves_gravel":68,"stat.mineBlock.sky_orchards.log_lead":10,"stat.useItem.tconstruct.seared_tank":3,"stat.pickup.sky_orchards.resin_diamond":92,"stat.mineBlock.bonsaitrees.bonsaipot":9,"stat.pickup.minecraft.iron_block":9,"stat.killEntity.Zombie":23,"stat.craftItem.minecraft.dye":1087,"stat.diveOneCm":28697,"stat.drop.minecraft.diamond_pickaxe":1,"stat.craftItem.minecraft.slime_ball":28,"stat.pickup.minecraft.wheat":143,"stat.drop.sky_orchards.sapling_clay":1,"stat.pickup.tconstruct.tooltables":3,"stat.craftItem.vc.item_airship_engine":2,"stat.pickup.minecraft.stone_axe":1,"stat.mineBlock.tconstruct.slime_leaves":84,"stat.useItem.bonsaitrees.bonsaipot":14,"stat.pickup.minecraft.obsidian":7,"stat.craftItem.sky_orchards.sapling_coal":1,"stat.pickup.sky_orchards.resin_clay":424,"stat.useItem.minecraft.rotten_flesh":1,"stat.pickup.matteroverdrive.tritanium_ore":2,"stat.jump":5817,"stat.useItem.sky_orchards.sapling_redstone":2,"stat.pickup.minecraft.coal":29,"stat.pickup.minecraft.iron_ingot":6,"stat.pickup.tconstruct.seared_tank":8,"stat.pickup.minecraft.gunpowder":4,"stat.mineBlock.sky_orchards.log_sand":16,"stat.craftItem.minecraft.torch":4,"stat.pickup.minecraft.dirt":59,"stat.craftItem.sky_orchards.sapling_lapis":1,"stat.drop.ceramics.unfired_clay":43,"stat.pickup.rustic.log":12,"stat.pickup.sky_orchards.resin_bone":80,"stat.useItem.minecraft.sapling":1,"stat.mineBlock.thermaldynamics.duct_32":9,"stat.damageTaken":7788,"stat.pickup.twilightforest.firefly":7,"stat.mineBlock.minecraft.torch":1,"stat.mineBlock.minecraft.red_flower":22,"stat.mineBlock.minecraft.sapling":5,"stat.craftItem.sky_orchards.amber_lead":3,"stat.useItem.sky_orchards.amber_iron":1,"stat.craftItem.vc.item_airship_balloon":1,"stat.pickup.sky_orchards.sapling_clay":43,"stat.pickup.statues.blockplayerstatue":2,"stat.killEntity.bouncy_creepers.bouncy_creeper":1,"stat.useItem.sky_orchards.acorn_gravel":16,"stat.craftItem.tconstruct.smeltery_io":5,"stat.useItem.minecraft.chest":2,"stat.drop.minecraft.wheat":1,"stat.pickup.sky_orchards.sapling_bone":20,"stat.craftItem.chiselsandbits.chisel_iron":1,"stat.pickup.sky_orchards.leaves_sand":92,"stat.useItem.minecraft.lava_bucket":2,"stat.craftItem.morecauldrons.oak_cauldron":10,"stat.craftItem.sky_orchards.amber_silver":4,"stat.useItem.tconstruct.faucet":8,"stat.useItem.sky_orchards.sapling_lead":1,"stat.drop.inspirations.wooden_crook":5,"stat.craftItem.rustic.crushing_tub":2,"stat.mineBlock.sky_orchards.leaves_lead":99,"stat.mineBlock.sky_orchards.log_diamond":60,"stat.pickup.minecraft.ender_pearl":1,"stat.useItem.minecraft.netherrack":50,"stat.mobKills":102,"stat.mineBlock.sky_orchards.log_gold":21,"stat.craftItem.minecraft.lead":6,"stat.pickup.minecraft.diamond":3,"stat.pickup.minecraft.beetroot_seeds":18,"stat.mineBlock.rustic.crushing_tub":1,"stat.pickup.minecraft.torch":2,"stat.pickup.astralsorcery.blockmarble":2,"stat.drop.minecraft.stone_axe":1,"stat.mineBlock.tp.cobblegen_block":1,"stat.drop.tconstruct.seared_tank":1,"stat.pickup.rustic.ironberries":4,"stat.mineBlock.sky_orchards.log_petrified":202,"stat.pickup.tconstruct.book":2,"stat.craftItem.sky_orchards.sapling_cottonwood":1,"stat.mineBlock.tconstruct.seared_tank":8,"stat.useItem.sky_orchards.sapling_cottonwood":2,"stat.craftItem.minecraft.iron_axe":4,"stat.craftItem.vc.item_airship_ignition":1,"stat.killEntity.twilightforest.swarm_spider":4,"stat.killEntity.Blaze":8,"stat.pickup.sky_orchards.resin_lead":16,"stat.useItem.minecraft.planks":386,"stat.drop.tconstruct.pickaxe":2,"stat.craftItem.sky_orchards.sapling_petrified":1,"stat.pickup.minecraft.porkchop":1,"stat.useItem.sky_orchards.sapling_iron":7,"stat.useItem.minecraft.water_bucket":13,"stat.pickup.minecraft.sand":1,"stat.useItem.inspirations.carrot_seeds":3,"stat.craftItem.tconstruct.casting":5,"stat.mineBlock.twilightforest.twilight_log":14,"stat.useItem.minecraft.ender_pearl":1,"stat.mineBlock.minecraft.sand":1,"stat.pickup.chiselsandbits.chiseled_wood":3,"stat.entityKilledBy.thermalfoundation.basalz":1,"stat.craftItem.minecraft.blaze_powder":4,"stat.killEntity.thermalfoundation.basalz":1,"stat.pickup.tp.blackberry_berry":4,"stat.craftItem.minecraft.magma_cream":4,"stat.craftItem.minecraft.golden_carrot":65,"stat.pickup.xlfoodmod.lettuce_seeds":3,"stat.pickup.vc.airships/item_airship":3,"stat.mineBlock.sky_orchards.leaves_gold":221,"stat.pickup.minecraft.furnace":1,"stat.useItem.minecraft.redstone":2,"stat.useItem.chiselsandbits.chiseled_grass":3,"stat.pickup.tconstruct.cast":2,"stat.pickup.minecraft.iron_chestplate":1,"stat.pickup.minecraft.skull":5,"stat.craftItem.minecraft.sand":340,"stat.pickup.minecraft.pumpkin_seeds":7,"stat.pickup.chiselsandbits.chiseled_rock":1,"stat.pickup.tconstruct.slime_dirt":1,"stat.drop.chiselsandbits.block_bit":45,"stat.mineBlock.twilightforest.hedge":1110,"stat.playOneMinute":806184,"stat.pickup.tconstruct.rack":8,"stat.pickup.minecraft.blaze_rod":2,"stat.drop.xlfoodmod.lettuce_seeds":1,"stat.useItem.sky_orchards.acorn_dirt":18,"stat.pickup.minecraft.diamond_block":3,"stat.pickup.animalcrops.seeds":1,"stat.drop.statues.blockplayerstatue":2,"stat.drop.tconstruct.shard":2,"stat.pickup.minecraft.netherrack":79,"stat.useItem.rustic.painted_wood_red":1,"stat.pickup.tconstruct.casting":37,"stat.craftItem.telepastries.twilight_cake":1,"stat.mineBlock.minecraft.netherrack":99,"stat.drop.sky_orchards.resin_sand":1,"stat.pickup.sky_orchards.acorn_petrified":250,"stat.craftItem.sky_orchards.amber_coal":54,"stat.craftItem.sky_orchards.sapling_diamond":1,"stat.useItem.inspirations.wooden_crook":2724,"stat.pickup.sky_orchards.resin_sand":310,"stat.mineBlock.tconstruct.faucet":5,"stat.pickup.sky_orchards.resin_gold":29,"stat.fallOneCm":1341320,"stat.pickup.sky_orchards.leaves_bone":18,"stat.pickup.nuclearcraft.ore":5,"stat.pickup.minecraft.melon_seeds":8,"stat.drop.sky_orchards.leaves_gravel":64,"stat.mineBlock.sky_orchards.amber_gold":2,"stat.craftItem.tconstruct.toolforge":1,"stat.craftItem.minecraft.chest":10,"stat.craftItem.astralsorcery.blockblackmarble":8,"stat.mineBlock.sky_orchards.leaves_sand":165,"stat.pickup.sky_orchards.sapling_sand":32,"stat.mineBlock.nuclearcraft.ore":5,"stat.drop.minecraft.bone":4,"stat.useItem.minecraft.furnace":1,"stat.craftItem.tconstruct.materials":1264,"stat.pickup.sky_orchards.sapling_gold":35,"stat.pickup.minecraft.iron_leggings":1,"stat.pickup.rustic.fertile_soil":11,"stat.pickup.minecraft.lead":6,"stat.mineBlock.minecraft.gravel":4,"stat.mineBlock.sky_orchards.sapling_petrified":1,"stat.useItem.minecraft.stone_pickaxe":143,"stat.craftItem.tconstruct.seared_tank":5,"stat.drop.tconstruct.seared":1,"stat.mineBlock.sky_orchards.log_bone":16,"stat.craftItem.sky_orchards.amber_tin":2,"stat.drop.minecraft.stick":1,"stat.drop.minecraft.iron_axe":1,"stat.useItem.minecraft.torch":3,"stat.mineBlock.sky_orchards.sapling_dirt":1,"stat.pickup.sky_orchards.leaves_clay":86,"stat.useItem.minecraft.log":18,"stat.pickup.sky_orchards.acorn_gold":18,"stat.craftItem.minecraft.crafting_table":5,"stat.craftItem.ceramics.clay_bucket":6,"stat.mineBlock.sky_orchards.sapling_coal":1,"stat.pickup.minecraft.redstone_block":3,"stat.pickup.minecraft.log":1462,"stat.useItem.sky_orchards.acorn_iron":8,"stat.pickup.astralsorcery.blockaltar":4,"stat.pickup.matteroverdrive.rogue_android_part":1,"stat.pickup.sky_orchards.acorn_sand":289,"stat.drop.minecraft.planks":5,"stat.pickup.minecraft.sapling":9,"stat.craftItem.astralsorcery.blockaltar":1,"stat.mineBlock.minecraft.iron_block":4,"stat.craftItem.tconstruct.smeltery_controller":1,"stat.pickup.minecraft.beetroot":8,"stat.killEntity.rogue_android":3,"stat.killEntity.WitherSkeleton":7,"stat.mineBlock.sky_orchards.log_clay":23,"stat.useItem.minecraft.stone_hoe":33,"stat.pickup.sky_orchards.acorn_lapis":35,"stat.craftItem.minecraft.sugar":4,"stat.drop.tconstruct.hatchet":1,"stat.useItem.sky_orchards.sapling_coal":36,"stat.useItem.minecraft.beetroot_seeds":2,"stat.sneakTime":35545,"stat.pickup.sky_orchards.sapling_diamond":34,"stat.drop.minecraft.bucket":1,"stat.pickup.rustic.deathstalk_mushroom":2,"stat.drop.minecraft.yellow_flower":1,"stat.pickup.minecraft.yellow_flower":37,"stat.useItem.sky_orchards.sapling_dirt":12,"stat.drop.minecraft.wooden_axe":1,"stat.craftItem.minecraft.enchanting_table":1,"stat.craftItem.minecraft.diamond_chestplate":1,"stat.craftItem.vc.upgrades/item_upgrade_airship_frame":4,"stat.pickup.minecraft.bone":16,"stat.craftItem.ceramics.unfired_clay":50,"stat.drop.pickletweaks.coal_piece":3,"stat.mineBlock.sky_orchards.leaves_gravel":194,"stat.craftItem.tconstruct.faucet":6,"stat.mineBlock.sky_orchards.leaves_silver":109,"stat.pickup.sky_orchards.resin_dirt":108,"stat.pickup.sky_orchards.amber_gold":2,"stat.craftItem.minecraft.diamond_helmet":1,"stat.craftItem.sky_orchards.amber_iron":89,"stat.swimOneCm":4272,"stat.useItem.sky_orchards.sapling_lapis":4,"stat.craftItem.inspirations.stone_crook":6,"stat.useItem.sky_orchards.sapling_bone":1,"stat.useItem.minecraft.dirt":85,"stat.drop.tconstruct.tool_rod":1,"stat.drop.sky_orchards.acorn_lapis":1,"stat.drop.minecraft.brick":1,"stat.pickup.chiselsandbits.chiseled_grass":4,"stat.useItem.tconstruct.lumberaxe":106,"stat.craftItem.minecraft.bone_block":117,"stat.craftItem.minecraft.stone_pickaxe":4,"stat.pickup.minecraft.cobblestone":229,"stat.mineBlock.minecraft.redstone_block":3,"stat.pickup.minecraft.clay":65,"stat.drop.minecraft.wheat_seeds":5,"stat.pickup.sky_orchards.sapling_lead":21,"stat.pickup.sky_orchards.resin_coal":286,"stat.craftItem.minecraft.wooden_slab":60,"stat.craftItem.sky_orchards.amber_lapis":1,"stat.drop.minecraft.clay_ball":4,"stat.pickup.sky_orchards.sapling_petrified":225,"stat.pickup.minecraft.redstone":1,"stat.craftItem.minecraft.book":11,"stat.mineBlock.astralsorcery.blockaltar":4,"stat.mineBlock.sky_orchards.leaves_cottonwood":160,"stat.craftItem.rustic.painted_wood_red":8,"stat.drop.minecraft.log":64,"stat.mineBlock.xlfoodmod.vanilla_flower":1,"stat.killEntity.ranged_rogue_android":2,"stat.craftItem.minecraft.cake":2,"stat.craftItem.vc.item_logic_chip":14,"stat.pickup.sky_orchards.leaves_diamond":4,"stat.craftItem.vc.airships/item_airship":1,"stat.pickup.tconstruct.soil":42,"stat.pickup.rustic.sapling":3,"stat.useItem.sky_orchards.sapling_clay":3,"stat.mineBlock.minecraft.nether_brick":8,"stat.drop.sky_orchards.sapling_cottonwood":1,"stat.useItem.xlfoodmod.coffee":1,"stat.craftItem.tconstruct.soil":1264,"stat.pickup.tconstruct.smeltery_controller":2,"stat.pickup.xlfoodmod.corn_seeds":30,"stat.mineBlock.sky_orchards.leaves_clay":277,"stat.craftItem.minecraft.stone_slab2":4,"stat.pickup.sky_orchards.sapling_cottonwood":11,"stat.drop.conarm.chest_core":2,"stat.mineBlock.tcomplement.porcelain_melter":1,"stat.drop.sky_orchards.resin_gravel":3,"stat.craftItem.minecraft.stick":420,"stat.craftItem.minecraft.gold_nugget":567,"stat.pickup.minecraft.grass":2,"stat.useItem.tconstruct.casting":2,"stat.useItem.minecraft.diamond_pickaxe":115,"stat.useItem.minecraft.carrot":5,"stat.craftItem.minecraft.clay_ball":460,"stat.drop.morecauldrons.oak_cauldron":1,"stat.pickup.tconstruct.sword_blade":1,"stat.killEntity.twilightforest.hostile_wolf":4,"stat.pickup.xlfoodmod.coffee_cup":2,"stat.mineBlock.minecraft.planks":78,"stat.drop":98,"stat.craftItem.sky_orchards.sapling_clay":4,"stat.useItem.tconstruct.seared":275,"stat.craftItem.minecraft.diamond_pickaxe":1,"stat.craftItem.minecraft.clay":122,"stat.useItem.inspirations.stone_crook":1268,"stat.pickup.sky_orchards.acorn_cottonwood":13,"stat.craftItem.minecraft.piston":4,"stat.mineBlock.sky_orchards.leaves_bone":120,"stat.drop.minecraft.wooden_pickaxe":2,"stat.pickup.minecraft.gravel":3,"stat.useItem.minecraft.glass_bottle":1,"stat.mineBlock.tconstruct.smeltery_controller":2,"stat.pickup.morecauldrons.cobble_cauldron":5,"stat.mineBlock.rustic.sapling":1,"stat.mineBlock.tconstruct.slime_dirt":1,"stat.craftItem.tconstruct.rack":18,"stat.pickup.minecraft.iron_helmet":1,"stat.pickup.sky_orchards.sapling_redstone":9,"stat.craftItem.bonsaitrees.bonsaipot":15,"stat.useItem.minecraft.stone_axe":92,"stat.pickup.minecraft.spider_eye":3,"stat.craftItem.tconstruct.book":1,"stat.pickup.farmingforblockheads.market":3,"stat.pickup.tconstruct.slime_congealed":7,"stat.pickup.sky_orchards.leaves_cottonwood":3,"stat.craftItem.minecraft.flint_and_steel":1,"stat.drop.inspirations.stone_crook":1,"stat.drop.sky_orchards.resin_bone":48,"stat.pickup.minecraft.leaves":2,"stat.mineBlock.tconstruct.tooltables":3,"stat.mineBlock.sky_orchards.log_lapis":33,"stat.craftItem.minecraft.iron_bars":16,"stat.drop.sky_orchards.leaves_clay":1,"stat.mineBlock.minecraft.furnace":1,"stat.useItem.minecraft.wooden_pickaxe":22,"stat.pickup.matteroverdrive.dilithium_crystal":2,"stat.pickup.mysticalagriculture.crafting":8,"stat.pickup.minecraft.reeds":4,"stat.mineBlock.sky_orchards.log_redstone":21,"stat.pickup.tconstruct.materials":1,"stat.damageDealt":21122,"stat.craftItem.minecraft.glass":16,"stat.craftItem.minecraft.bowl":4,"stat.pickup.twilightforest.twilight_log":14,"stat.mineBlock.sky_orchards.log_iron":32,"stat.craftItem.minecraft.gravel":318,"stat.pickup.sky_orchards.acorn_bone":121,"stat.walkOneCm":1459064,"stat.pickup.ceramics.clay_bucket":4,"stat.useItem.morecauldrons.oak_cauldron":8,"stat.playerKills":6,"stat.pickup.minecraft.stick":313,"stat.mineBlock.matteroverdrive.dilithium_ore":2,"stat.pickup.minecraft.clay_ball":205,"stat.craftItem.inspirations.wooden_crook":63,"stat.pickup.sky_orchards.acorn_clay":228,"stat.mineBlock.sky_orchards.log_silver":10,"stat.useItem.rustic.painted_wood_white":1,"stat.drop.minecraft.iron_block":17,"stat.mineBlock.sky_orchards.log_gravel":32,"stat.craftItem.minecraft.diamond_boots":1,"stat.pickup.sky_orchards.acorn_gravel":241,"stat.useItem.sky_orchards.acorn_bone":5,"stat.craftItem.sky_orchards.amber_redstone":4,"stat.pickup.sky_orchards.acorn_silver":9,"stat.drop.sky_orchards.sapling_coal":33,"stat.craftItem.minecraft.redstone":171,"stat.craftItem.minecraft.minecart":2,"stat.pickup.sky_orchards.sapling_gravel":38,"stat.pickup.sky_orchards.sapling_silver":4,"stat.killEntity.Skeleton":8,"stat.drop.sky_orchards.sapling_dirt":1,"stat.useItem.sky_orchards.acorn_clay":20,"stat.useItem.sky_orchards.amber_gold":2,"stat.killEntity.Spider":8,"stat.drop.sky_orchards.resin_clay":3,"stat.mineBlock.minecraft.quartz_ore":121,"stat.mineBlock.tcomplement.porcelain_casting":2,"stat.pickup.minecraft.quartz":121,"stat.craftItem.farmingforblockheads.market":1,"stat.mineBlock.tp.blackberry_bush":1,"stat.mineBlock.minecraft.leaves":52,"stat.craftItem.sky_orchards.amber_diamond":8,"stat.mineBlock.tconstruct.seared":50,"stat.mineBlock.tconstruct.casting":38,"stat.craftItem.minecraft.coal_block":2,"stat.drop.minecraft.beef":3,"stat.killEntity.twilightforest.wild_boar":1,"stat.craftItem.tcomplement.materials":1,"stat.craftItem.minecraft.brick":51,"stat.drop.tconstruct.book":1,"stat.mineBlock.minecraft.stone":18,"stat.useItem.tconstruct.hatchet":392}