{"stat.pickup.minecraft.bone":5,"stat.mineBlock.tcomplement.porcelain_tank":1,"stat.craftItem.ceramics.unfired_clay":128,"stat.leaveGame":1,"stat.mineBlock.minecraft.cobblestone":56,"stat.mineBlock.sky_orchards.leaves_gravel":177,"stat.pickup.minecraft.flint":7,"stat.killEntity.Human":1,"stat.craftItem.minecraft.bone":12,"stat.pickup.sky_orchards.resin_dirt":160,"stat.pickup.minecraft.flower_pot":1,"stat.pickup.pickletweaks.coal_piece":1,"stat.craftItem.sky_orchards.amber_bone":4,"stat.craftItem.sky_orchards.amber_iron":20,"stat.craftItem.inspirations.bone_crook":1,"stat.swimOneCm":245,"stat.useItem.minecraft.planks":269,"stat.useItem.rustic.crushing_tub":3,"stat.mineBlock.morecauldrons.oak_cauldron":2,"stat.mineBlock.sky_orchards.log_dirt":54,"stat.useItem.sky_orchards.sapling_bone":3,"stat.useItem.minecraft.dirt":13,"stat.useItem.minecraft.stone_slab2":60,"stat.pickup.sky_orchards.resin_cottonwood":11,"stat.drop.sky_orchards.sapling_petrified":1,"stat.craftItem.sky_orchards.amber_clay":3,"stat.craftItem.minecraft.furnace":1,"stat.pickup.sky_orchards.sapling_dirt":64,"stat.craftItem.minecraft.bone_block":6,"stat.craftItem.minecraft.stone_axe":17,"stat.craftItem.extendedcrafting.handheld_table":1,"stat.craftItem.sky_orchards.sapling_bone":1,"stat.pickup.minecraft.bucket":1,"stat.mineBlock.sky_orchards.leaves_dirt":393,"stat.pickup.minecraft.cobblestone":47,"stat.mineBlock.sky_orchards.amber_dirt":2,"stat.flyOneCm":318121,"stat.craftItem.minecraft.glass_bottle":3,"stat.pickup.sky_orchards.resin_coal":1,"stat.craftItem.minecraft.wooden_slab":18,"stat.pickup.sky_orchards.resin_petrified":106,"stat.pickup.sky_orchards.sapling_petrified":66,"stat.mineBlock.morecauldrons.cobble_cauldron":1,"stat.timeSinceDeath":22288,"stat.craftItem.minecraft.wooden_pickaxe":4,"stat.pickup.minecraft.wooden_axe":1,"stat.furnaceInteraction":133,"stat.craftItem.tcomplement.porcelain_tank":2,"stat.useItem.sky_orchards.sapling_clay":1,"stat.killEntity.Creeper":2,"stat.useItem.xlfoodmod.coffee":1,"stat.useItem.tp.toasted_bread":1,"stat.pickup.minecraft.string":2,"stat.pickup.sky_orchards.acorn_coal":6,"stat.mineBlock.sky_orchards.leaves_clay":103,"stat.craftItem.tcomplement.porcelain_casting":2,"stat.pickup.sky_orchards.sapling_cottonwood":5,"stat.craftItem.minecraft.stone_slab2":0,"stat.useItem.sky_orchards.sapling_petrified":8,"stat.pickup.sky_orchards.acorn_dirt":134,"stat.sprintOneCm":235421,"stat.craftItem.minecraft.stick":144,"stat.craftItem.minecraft.wooden_axe":5,"stat.pickup.ceramics.unfired_clay":43,"stat.useItem.carryon.tile_item":1,"stat.mineBlock.sky_orchards.leaves_petrified":390,"stat.pickup.minecraft.grass":16,"stat.craftItem.minecraft.sand":9,"stat.pickup.sky_orchards.leaves_gravel":12,"stat.pickup.inspirations.wooden_crook":1,"stat.pickup.sky_orchards.leaves_coal":1,"stat.craftItem.minecraft.clay_ball":152,"stat.craftItem.morecauldrons.cobble_cauldron":1,"stat.useItem.minecraft.dye":11,"stat.pickup.xlfoodmod.coffee_cup":1,"stat.deaths":14,"stat.mineBlock.minecraft.planks":10,"stat.pickup.minecraft.bowl":4,"stat.drop":2,"stat.pickup.sky_orchards.leaves_dirt":10,"stat.playOneMinute":268636,"stat.pickup.tconstruct.rack":8,"stat.mineBlock.rustic.leaves_apple":52,"stat.useItem.sky_orchards.acorn_dirt":26,"stat.pickup.sky_orchards.sapling_lapis":2,"stat.mineBlock.bonsaitrees.bonsaipot":10,"stat.killEntity.Zombie":2,"stat.craftItem.minecraft.dye":78,"stat.craftItem.minecraft.clay":35,"stat.chestOpened":336,"stat.pickup.sky_orchards.acorn_cottonwood":20,"stat.mineBlock.sky_orchards.leaves_bone":189,"stat.craftItem.tp.cobblegen_block":1,"stat.useItem.sky_orchards.acorn_cottonwood":2,"stat.pickup.sky_orchards.acorn_petrified":60,"stat.pickup.morecauldrons.cobble_cauldron":1,"stat.useItem.bonsaitrees.bonsaipot":7,"stat.mineBlock.sky_orchards.leaves_iron":45,"stat.useItem.inspirations.wooden_crook":404,"stat.pickup.sky_orchards.resin_sand":102,"stat.pickup.sky_orchards.resin_clay":219,"stat.pickup.sky_orchards.leaves_iron":57,"stat.useItem.sky_orchards.sapling_gravel":4,"stat.jump":1483,"stat.fallOneCm":784141,"stat.pickup.sky_orchards.leaves_bone":9,"stat.craftItem.bonsaitrees.bonsaipot":28,"stat.useItem.minecraft.stone_axe":631,"stat.pickup.minecraft.gunpowder":2,"stat.crouchOneCm":23642,"stat.mineBlock.minecraft.chest":5,"stat.craftItem.minecraft.chest":25,"stat.craftItem.minecraft.iron_ingot":18,"stat.pickup.minecraft.dirt":18,"stat.pickup.bonsaitrees.bonsaipot":10,"stat.pickup.sky_orchards.resin_lapis":10,"stat.craftItem.minecraft.hopper":3,"stat.craftingTableInteraction":229,"stat.pickup.sky_orchards.resin_bone":55,"stat.pickup.tcomplement.porcelain_tank":1,"stat.pickup.sky_orchards.sapling_sand":9,"stat.pickup.sky_orchards.leaves_cottonwood":5,"stat.useItem.minecraft.sapling":1,"stat.mineBlock.tconstruct.rack":8,"stat.pickup.minecraft.leaves":5,"stat.pickup.minecraft.wooden_pickaxe":1,"stat.damageTaken":4495,"stat.craftItem.minecraft.wooden_button":52,"stat.mineBlock.minecraft.torch":1,"stat.useItem.minecraft.wooden_pickaxe":62,"stat.pickup.minecraft.dye":12,"stat.pickup.minecraft.planks":14,"stat.pickup.sky_orchards.resin_iron":48,"stat.pickup.rustic.fertile_soil":6,"stat.craftItem.sky_orchards.amber_dirt":2,"stat.pickup.sky_orchards.amber_dirt":2,"stat.mineBlock.sky_orchards.sapling_petrified":1,"stat.pickup.sky_orchards.sapling_clay":28,"stat.mineBlock.minecraft.glass":1,"stat.pickup.statues.blockplayerstatue":1,"stat.damageDealt":1735,"stat.mineBlock.sky_orchards.log_bone":16,"stat.craftItem.minecraft.glass":9,"stat.mineBlock.sky_orchards.log_iron":5,"stat.mineBlock.minecraft.dirt":21,"stat.pickup.sky_orchards.acorn_iron":61,"stat.craftItem.sky_orchards.acorn_bone":2,"stat.pickup.sky_orchards.acorn_bone":88,"stat.walkOneCm":529578,"stat.craftItem.sky_orchards.amber_petrified":2,"stat.useItem.minecraft.chest":16,"stat.pickup.sky_orchards.sapling_iron":17,"stat.mineBlock.sky_orchards.sapling_dirt":1,"stat.pickup.sky_orchards.leaves_clay":71,"stat.pickup.minecraft.stick":332,"stat.pickup.advancementbook.advancement_book":2,"stat.pickup.sky_orchards.sapling_bone":23,"stat.pickup.minecraft.clay_ball":22,"stat.craftItem.inspirations.wooden_crook":10,"stat.craftItem.minecraft.crafting_table":2,"stat.pickup.sky_orchards.acorn_clay":258,"stat.pickup.rustic.apple_seeds":1,"stat.pickup.sky_orchards.leaves_sand":44,"stat.craftItem.ceramics.clay_bucket":4,"stat.craftItem.morecauldrons.oak_cauldron":1,"stat.pickup.minecraft.log":973,"stat.craftItem.tcomplement.porcelain_melter":1,"stat.craftItem.ceramics.faucet":2,"stat.mineBlock.sky_orchards.log_gravel":9,"stat.pickup.sky_orchards.resin_gravel":60,"stat.craftItem.rustic.crushing_tub":5,"stat.pickup.sky_orchards.acorn_gravel":67,"stat.pickup.sky_orchards.acorn_sand":154,"stat.pickup.minecraft.sapling":9,"stat.pickup.sky_orchards.sapling_gravel":28,"stat.pickup.minecraft.apple":1,"stat.mineBlock.sky_orchards.sapling_gravel":2,"stat.useItem.sky_orchards.acorn_clay":21,"stat.craftItem.bdsandm.wood_crate":3,"stat.craftItem.minecraft.planks":1168,"stat.killEntity.rogue_android":1,"stat.craftItem.minecraft.dirt":18,"stat.pickup.morecauldrons.oak_cauldron":1,"stat.craftItem.rustic.fertile_soil":24,"stat.mobKills":5,"stat.mineBlock.minecraft.log":15,"stat.mineBlock.sky_orchards.log_clay":9,"stat.craftItem.minecraft.flower_pot":1,"stat.useItem.inspirations.bone_crook":453,"stat.pickup.sky_orchards.acorn_lapis":2,"stat.mineBlock.minecraft.leaves":107,"stat.craftItem.minecraft.paper":1,"stat.pickup.minecraft.torch":4,"stat.useItem.sky_orchards.acorn_sand":16,"stat.sneakTime":8944,"stat.drop.minecraft.bucket":1,"stat.useItem.minecraft.wooden_axe":58,"stat.craftItem.minecraft.brick":137,"stat.craftItem.minecraft.cobblestone":8,"stat.useItem.sky_orchards.sapling_dirt":9,"stat.mineBlock.sky_orchards.log_petrified":51,"stat.pickup.minecraft.chest":4}