{"stat.mineBlock.sky_orchards.log_coal":13,"stat.craftItem.sky_orchards.sapling_cottonwood":1,"stat.craftItem.sky_orchards.sapling_sand":1,"stat.drop.sky_orchards.resin_dirt":6,"stat.craftItem.ceramics.unfired_clay":48,"stat.leaveGame":2,"stat.mineBlock.minecraft.cobblestone":160,"stat.mineBlock.sky_orchards.leaves_gravel":194,"stat.pickup.minecraft.flint":26,"stat.craftItem.tconstruct.faucet":1,"stat.pickup.sky_orchards.resin_dirt":108,"stat.pickup.pickletweaks.coal_piece":8,"stat.craftItem.sky_orchards.amber_iron":6,"stat.swimOneCm":1359,"stat.pickup.rustic.crushing_tub":1,"stat.useItem.sky_orchards.sapling_lapis":1,"stat.useItem.minecraft.planks":201,"stat.craftItem.sky_orchards.sapling_petrified":1,"stat.mineBlock.morecauldrons.oak_cauldron":7,"stat.mineBlock.sky_orchards.log_dirt":60,"stat.craftItem.inspirations.stone_crook":3,"stat.useItem.minecraft.dirt":3,"stat.useItem.minecraft.stone_slab2":94,"stat.drop.sky_orchards.acorn_lapis":1,"stat.pickup.sky_orchards.resin_cottonwood":14,"stat.useItem.sky_orchards.sapling_iron":1,"stat.drop.minecraft.brick":1,"stat.craftItem.minecraft.furnace":3,"stat.craftItem.sky_orchards.sapling_gravel":2,"stat.pickup.sky_orchards.sapling_dirt":166,"stat.craftItem.minecraft.stone_axe":8,"stat.craftItem.minecraft.stone_pickaxe":4,"stat.mineBlock.sky_orchards.leaves_dirt":701,"stat.pickup.minecraft.cobblestone":138,"stat.craftItem.tconstruct.casting":1,"stat.drop.rustic.fertile_soil":1,"stat.flyOneCm":181893,"stat.mineBlock.sky_orchards.leaves_coal":166,"stat.pickup.sky_orchards.resin_coal":33,"stat.craftItem.minecraft.wooden_slab":30,"stat.pickup.sky_orchards.resin_petrified":177,"stat.craftItem.sky_orchards.amber_lapis":1,"stat.pickup.sky_orchards.sapling_petrified":193,"stat.timeSinceDeath":12262,"stat.mineBlock.sky_orchards.leaves_cottonwood":52,"stat.craftItem.minecraft.wooden_pickaxe":2,"stat.mineBlock.tconstruct.clear_glass":1,"stat.craftItem.tconstruct.seared":30,"stat.pickup.tconstruct.soil":6,"stat.furnaceInteraction":135,"stat.useItem.tconstruct.rack":4,"stat.useItem.sky_orchards.sapling_clay":3,"stat.mineBlock.sky_orchards.amber_iron":1,"stat.useItem.xlfoodmod.coffee":1,"stat.useItem.tp.toasted_bread":1,"stat.craftItem.tconstruct.soil":160,"stat.pickup.minecraft.string":2,"stat.pickup.tcomplement.porcelain_casting":2,"stat.pickup.sky_orchards.acorn_coal":44,"stat.mineBlock.sky_orchards.leaves_clay":277,"stat.craftItem.minecraft.stone_slab2":0,"stat.pickup.sky_orchards.sapling_cottonwood":2,"stat.craftItem.tconstruct.stone_stick":4,"stat.drop.sky_orchards.acorn_dirt":2,"stat.useItem.sky_orchards.sapling_petrified":29,"stat.craftItem.tconstruct.tooltables":3,"stat.pickup.sky_orchards.acorn_dirt":137,"stat.sprintOneCm":139290,"stat.pickup.sky_orchards.sapling_coal":28,"stat.craftItem.minecraft.stick":368,"stat.craftItem.minecraft.wooden_axe":13,"stat.pickup.ceramics.unfired_clay":3,"stat.useItem.carryon.tile_item":3,"stat.mineBlock.sky_orchards.leaves_petrified":1396,"stat.pickup.minecraft.potion":1,"stat.craftItem.minecraft.sand":44,"stat.pickup.minecraft.grass":2,"stat.pickup.sky_orchards.leaves_gravel":63,"stat.pickup.sky_orchards.leaves_coal":4,"stat.craftItem.minecraft.clay_ball":80,"stat.drop.morecauldrons.oak_cauldron":1,"stat.pickup.xlfoodmod.coffee_cup":2,"stat.deaths":11,"stat.mineBlock.minecraft.planks":3,"stat.drop":33,"stat.pickup.sky_orchards.leaves_dirt":9,"stat.playOneMinute":231298,"stat.pickup.tconstruct.rack":8,"stat.craftItem.sky_orchards.sapling_clay":4,"stat.useItem.tconstruct.seared":18,"stat.useItem.sky_orchards.acorn_dirt":18,"stat.pickup.sky_orchards.sapling_lapis":11,"stat.drop.statues.blockplayerstatue":2,"stat.craftItem.minecraft.clay":20,"stat.diveOneCm":10654,"stat.useItem.sky_orchards.sapling_sand":1,"stat.drop.sky_orchards.sapling_clay":1,"stat.pickup.tconstruct.seared":2,"stat.chestOpened":194,"stat.useItem.inspirations.stone_crook":260,"stat.pickup.sky_orchards.acorn_cottonwood":5,"stat.pickup.tconstruct.casting":4,"stat.drop.minecraft.wooden_pickaxe":2,"stat.pickup.minecraft.stone_axe":1,"stat.pickup.sky_orchards.acorn_petrified":148,"stat.mineBlock.sky_orchards.leaves_iron":57,"stat.useItem.inspirations.wooden_crook":2724,"stat.pickup.sky_orchards.resin_sand":218,"stat.craftItem.sky_orchards.sapling_coal":1,"stat.craftItem.minecraft.coal":1,"stat.pickup.sky_orchards.resin_clay":142,"stat.useItem.sky_orchards.sapling_gravel":3,"stat.jump":1112,"stat.craftItem.tconstruct.rack":8,"stat.fallOneCm":813221,"stat.pickup.sky_orchards.leaves_bone":16,"stat.useItem.minecraft.stone_axe":40,"stat.crouchOneCm":56514,"stat.drop.sky_orchards.leaves_sand":3,"stat.mineBlock.sky_orchards.log_sand":16,"stat.craftItem.minecraft.torch":4,"stat.craftItem.minecraft.chest":2,"stat.pickup.minecraft.dirt":4,"stat.pickup.bonsaitrees.bonsaipot":1,"stat.pickup.sky_orchards.resin_lapis":17,"stat.craftingTableInteraction":177,"stat.craftItem.sky_orchards.sapling_lapis":1,"stat.mineBlock.sky_orchards.leaves_sand":165,"stat.drop.ceramics.unfired_clay":43,"stat.pickup.sky_orchards.resin_bone":36,"stat.pickup.sky_orchards.sapling_sand":31,"stat.pickup.sky_orchards.leaves_cottonwood":3,"stat.useItem.minecraft.sapling":1,"stat.pickup.minecraft.leaves":2,"stat.craftItem.tconstruct.pattern":11,"stat.mineBlock.sky_orchards.log_lapis":10,"stat.damageTaken":3515,"stat.drop.minecraft.bone":4,"stat.useItem.minecraft.wooden_pickaxe":22,"stat.useItem.minecraft.furnace":1,"stat.craftItem.tconstruct.materials":160,"stat.mineBlock.minecraft.sapling":5,"stat.pickup.minecraft.dye":13,"stat.pickup.minecraft.planks":2,"stat.pickup.sky_orchards.resin_iron":5,"stat.pickup.rustic.fertile_soil":2,"stat.mineBlock.sky_orchards.sapling_petrified":1,"stat.useItem.minecraft.stone_pickaxe":143,"stat.craftItem.tconstruct.seared_tank":1,"stat.pickup.sky_orchards.sapling_clay":41,"stat.pickup.statues.blockplayerstatue":2,"stat.damageDealt":560,"stat.craftItem.minecraft.glass":4,"stat.craftItem.minecraft.bowl":4,"stat.mineBlock.sky_orchards.log_iron":4,"stat.drop.sky_orchards.acorn_iron":3,"stat.mineBlock.minecraft.dirt":4,"stat.pickup.sky_orchards.acorn_iron":7,"stat.craftItem.minecraft.gravel":42,"stat.pickup.sky_orchards.acorn_bone":46,"stat.drop.minecraft.stick":1,"stat.mineBlock.sky_orchards.leaves_lapis":89,"stat.walkOneCm":420602,"stat.pickup.ceramics.clay_bucket":3,"stat.pickup.tconstruct.pattern":1,"stat.useItem.minecraft.torch":3,"stat.useItem.morecauldrons.oak_cauldron":8,"stat.playerKills":4,"stat.craftItem.tconstruct.smeltery_io":1,"stat.useItem.minecraft.chest":1,"stat.pickup.sky_orchards.sapling_iron":10,"stat.mineBlock.sky_orchards.sapling_dirt":1,"stat.pickup.sky_orchards.leaves_clay":75,"stat.pickup.minecraft.stick":268,"stat.pickup.sky_orchards.sapling_bone":12,"stat.useItem.minecraft.log":12,"stat.pickup.minecraft.clay_ball":11,"stat.useItem.minecraft.cobblestone":87,"stat.craftItem.inspirations.wooden_crook":63,"stat.craftItem.minecraft.crafting_table":1,"stat.pickup.sky_orchards.acorn_clay":181,"stat.pickup.sky_orchards.leaves_sand":80,"stat.craftItem.ceramics.clay_bucket":4,"stat.craftItem.morecauldrons.oak_cauldron":10,"stat.pickup.minecraft.log":923,"stat.mineBlock.sky_orchards.log_gravel":32,"stat.drop.inspirations.wooden_crook":5,"stat.pickup.sky_orchards.resin_gravel":170,"stat.craftItem.rustic.crushing_tub":2,"stat.pickup.sky_orchards.acorn_gravel":230,"stat.useItem.tconstruct.pickaxe":4,"stat.useItem.sky_orchards.acorn_bone":2,"stat.pickup.sky_orchards.acorn_sand":251,"stat.drop.minecraft.sapling":1,"stat.pickup.minecraft.sapling":6,"stat.pickup.sky_orchards.sapling_gravel":28,"stat.craftItem.tconstruct.smeltery_controller":1,"stat.craftItem.minecraft.planks":908,"stat.craftItem.minecraft.dirt":6,"stat.pickup.morecauldrons.oak_cauldron":8,"stat.mineBlock.tcomplement.porcelain_casting":2,"stat.mineBlock.minecraft.log":11,"stat.mineBlock.sky_orchards.log_clay":23,"stat.pickup.rustic.sapling_apple":2,"stat.pickup.sky_orchards.acorn_lapis":11,"stat.mineBlock.rustic.crushing_tub":1,"stat.useItem.sky_orchards.acorn_sand":30,"stat.useItem.sky_orchards.sapling_coal":2,"stat.mineBlock.tconstruct.seared":2,"stat.sneakTime":18148,"stat.mineBlock.sky_orchards.log_cottonwood":5,"stat.mineBlock.tconstruct.casting":4,"stat.drop.minecraft.bucket":1,"stat.craftItem.tcomplement.materials":1,"stat.useItem.minecraft.wooden_axe":267,"stat.craftItem.minecraft.brick":3,"stat.craftItem.minecraft.cobblestone":35,"stat.drop.minecraft.grass":8,"stat.useItem.sky_orchards.sapling_dirt":12,"stat.mineBlock.sky_orchards.log_petrified":126,"stat.drop.minecraft.wooden_axe":1}