{"stat.pickup.minecraft.bone":4,"stat.mineBlock.tcomplement.porcelain_tank":1,"stat.craftItem.ceramics.unfired_clay":126,"stat.leaveGame":1,"stat.mineBlock.minecraft.cobblestone":46,"stat.mineBlock.sky_orchards.leaves_gravel":177,"stat.pickup.minecraft.flint":7,"stat.craftItem.minecraft.bone":12,"stat.pickup.sky_orchards.resin_dirt":160,"stat.pickup.pickletweaks.coal_piece":1,"stat.craftItem.sky_orchards.amber_bone":4,"stat.craftItem.sky_orchards.amber_iron":3,"stat.craftItem.inspirations.bone_crook":1,"stat.swimOneCm":245,"stat.useItem.minecraft.planks":265,"stat.useItem.rustic.crushing_tub":3,"stat.mineBlock.morecauldrons.oak_cauldron":2,"stat.mineBlock.sky_orchards.log_dirt":54,"stat.useItem.sky_orchards.sapling_bone":3,"stat.useItem.minecraft.dirt":13,"stat.useItem.minecraft.stone_slab2":52,"stat.pickup.sky_orchards.resin_cottonwood":11,"stat.drop.sky_orchards.sapling_petrified":1,"stat.craftItem.sky_orchards.amber_clay":3,"stat.craftItem.minecraft.furnace":1,"stat.pickup.sky_orchards.sapling_dirt":64,"stat.craftItem.minecraft.bone_block":6,"stat.craftItem.minecraft.stone_axe":17,"stat.craftItem.extendedcrafting.handheld_table":1,"stat.craftItem.sky_orchards.sapling_bone":1,"stat.pickup.minecraft.bucket":1,"stat.mineBlock.sky_orchards.leaves_dirt":393,"stat.pickup.minecraft.cobblestone":38,"stat.mineBlock.sky_orchards.amber_dirt":2,"stat.flyOneCm":251970,"stat.craftItem.minecraft.glass_bottle":3,"stat.pickup.sky_orchards.resin_coal":1,"stat.craftItem.minecraft.wooden_slab":18,"stat.pickup.sky_orchards.resin_petrified":106,"stat.pickup.sky_orchards.sapling_petrified":66,"stat.mineBlock.morecauldrons.cobble_cauldron":1,"stat.timeSinceDeath":5547,"stat.pickup.minecraft.wooden_axe":1,"stat.furnaceInteraction":101,"stat.craftItem.tcomplement.porcelain_tank":2,"stat.useItem.sky_orchards.sapling_clay":1,"stat.killEntity.Creeper":2,"stat.useItem.xlfoodmod.coffee":1,"stat.useItem.tp.toasted_bread":1,"stat.pickup.minecraft.string":2,"stat.pickup.sky_orchards.acorn_coal":6,"stat.mineBlock.sky_orchards.leaves_clay":103,"stat.craftItem.tcomplement.porcelain_casting":2,"stat.pickup.sky_orchards.sapling_cottonwood":5,"stat.craftItem.minecraft.stone_slab2":0,"stat.useItem.sky_orchards.sapling_petrified":8,"stat.pickup.sky_orchards.acorn_dirt":134,"stat.sprintOneCm":195352,"stat.craftItem.minecraft.stick":144,"stat.craftItem.minecraft.wooden_axe":5,"stat.pickup.ceramics.unfired_clay":43,"stat.mineBlock.sky_orchards.leaves_petrified":390,"stat.pickup.minecraft.grass":16,"stat.craftItem.minecraft.sand":8,"stat.pickup.sky_orchards.leaves_gravel":12,"stat.pickup.inspirations.wooden_crook":1,"stat.pickup.sky_orchards.leaves_coal":1,"stat.craftItem.minecraft.clay_ball":140,"stat.craftItem.morecauldrons.cobble_cauldron":1,"stat.useItem.minecraft.dye":11,"stat.pickup.xlfoodmod.coffee_cup":1,"stat.deaths":12,"stat.mineBlock.minecraft.planks":6,"stat.pickup.minecraft.bowl":4,"stat.drop":1,"stat.pickup.sky_orchards.leaves_dirt":10,"stat.playOneMinute":232636,"stat.pickup.tconstruct.rack":8,"stat.mineBlock.rustic.leaves_apple":52,"stat.useItem.sky_orchards.acorn_dirt":26,"stat.pickup.sky_orchards.sapling_lapis":2,"stat.mineBlock.bonsaitrees.bonsaipot":1,"stat.killEntity.Zombie":1,"stat.craftItem.minecraft.dye":78,"stat.craftItem.minecraft.clay":32,"stat.chestOpened":283,"stat.pickup.sky_orchards.acorn_cottonwood":20,"stat.mineBlock.sky_orchards.leaves_bone":189,"stat.useItem.sky_orchards.acorn_cottonwood":2,"stat.pickup.sky_orchards.acorn_petrified":60,"stat.pickup.morecauldrons.cobble_cauldron":1,"stat.useItem.bonsaitrees.bonsaipot":6,"stat.mineBlock.sky_orchards.leaves_iron":45,"stat.useItem.inspirations.wooden_crook":404,"stat.pickup.sky_orchards.resin_sand":91,"stat.pickup.sky_orchards.resin_clay":202,"stat.pickup.sky_orchards.leaves_iron":8,"stat.useItem.sky_orchards.sapling_gravel":4,"stat.jump":1205,"stat.fallOneCm":679096,"stat.pickup.sky_orchards.leaves_bone":9,"stat.craftItem.bonsaitrees.bonsaipot":26,"stat.useItem.minecraft.stone_axe":611,"stat.pickup.minecraft.gunpowder":2,"stat.crouchOneCm":22630,"stat.mineBlock.minecraft.chest":1,"stat.craftItem.minecraft.chest":23,"stat.craftItem.minecraft.iron_ingot":3,"stat.pickup.minecraft.dirt":18,"stat.pickup.bonsaitrees.bonsaipot":1,"stat.pickup.sky_orchards.resin_lapis":10,"stat.craftingTableInteraction":198,"stat.pickup.sky_orchards.resin_bone":55,"stat.pickup.tcomplement.porcelain_tank":1,"stat.pickup.sky_orchards.sapling_sand":9,"stat.pickup.sky_orchards.leaves_cottonwood":5,"stat.useItem.minecraft.sapling":1,"stat.mineBlock.tconstruct.rack":8,"stat.pickup.minecraft.leaves":5,"stat.pickup.minecraft.wooden_pickaxe":1,"stat.damageTaken":3882,"stat.craftItem.minecraft.wooden_button":52,"stat.mineBlock.minecraft.torch":1,"stat.useItem.minecraft.wooden_pickaxe":50,"stat.pickup.minecraft.dye":12,"stat.pickup.minecraft.planks":13,"stat.pickup.sky_orchards.resin_iron":29,"stat.pickup.rustic.fertile_soil":1,"stat.craftItem.sky_orchards.amber_dirt":2,"stat.pickup.sky_orchards.amber_dirt":2,"stat.mineBlock.sky_orchards.sapling_petrified":1,"stat.pickup.sky_orchards.sapling_clay":28,"stat.mineBlock.minecraft.glass":1,"stat.pickup.statues.blockplayerstatue":1,"stat.damageDealt":1332,"stat.mineBlock.sky_orchards.log_bone":16,"stat.craftItem.minecraft.glass":8,"stat.mineBlock.sky_orchards.log_iron":5,"stat.mineBlock.minecraft.dirt":21,"stat.pickup.sky_orchards.acorn_iron":22,"stat.craftItem.sky_orchards.acorn_bone":2,"stat.pickup.sky_orchards.acorn_bone":88,"stat.walkOneCm":472631,"stat.craftItem.sky_orchards.amber_petrified":2,"stat.useItem.minecraft.chest":13,"stat.pickup.sky_orchards.sapling_iron":3,"stat.mineBlock.sky_orchards.sapling_dirt":1,"stat.pickup.sky_orchards.leaves_clay":64,"stat.pickup.minecraft.stick":239,"stat.pickup.advancementbook.advancement_book":2,"stat.pickup.sky_orchards.sapling_bone":23,"stat.pickup.minecraft.clay_ball":22,"stat.craftItem.inspirations.wooden_crook":10,"stat.craftItem.minecraft.crafting_table":2,"stat.pickup.sky_orchards.acorn_clay":239,"stat.pickup.rustic.apple_seeds":1,"stat.pickup.sky_orchards.leaves_sand":34,"stat.craftItem.ceramics.clay_bucket":2,"stat.craftItem.morecauldrons.oak_cauldron":1,"stat.pickup.minecraft.log":698,"stat.craftItem.tcomplement.porcelain_melter":1,"stat.craftItem.ceramics.faucet":2,"stat.mineBlock.sky_orchards.log_gravel":9,"stat.pickup.sky_orchards.resin_gravel":60,"stat.craftItem.rustic.crushing_tub":5,"stat.pickup.sky_orchards.acorn_gravel":67,"stat.pickup.sky_orchards.acorn_sand":133,"stat.pickup.minecraft.sapling":9,"stat.pickup.sky_orchards.sapling_gravel":28,"stat.pickup.minecraft.apple":1,"stat.mineBlock.sky_orchards.sapling_gravel":2,"stat.useItem.sky_orchards.acorn_clay":11,"stat.craftItem.minecraft.planks":1048,"stat.killEntity.rogue_android":1,"stat.craftItem.minecraft.dirt":18,"stat.pickup.morecauldrons.oak_cauldron":1,"stat.craftItem.rustic.fertile_soil":24,"stat.mobKills":4,"stat.mineBlock.minecraft.log":15,"stat.mineBlock.sky_orchards.log_clay":9,"stat.useItem.inspirations.bone_crook":453,"stat.pickup.sky_orchards.acorn_lapis":2,"stat.mineBlock.minecraft.leaves":107,"stat.craftItem.minecraft.paper":1,"stat.pickup.minecraft.torch":4,"stat.useItem.sky_orchards.acorn_sand":16,"stat.sneakTime":8392,"stat.useItem.minecraft.wooden_axe":58,"stat.craftItem.minecraft.brick":133,"stat.craftItem.minecraft.cobblestone":8,"stat.useItem.sky_orchards.sapling_dirt":9,"stat.mineBlock.sky_orchards.log_petrified":51,"stat.pickup.minecraft.chest":1}