{"stat.leaveGame":2,"stat.pickup.bdsandm.wood_crate":9,"stat.craftItem.sky_orchards.amber_bone":4,"stat.pickup.sky_orchards.resin_lead":24,"stat.useItem.minecraft.planks":743,"stat.mineBlock.sky_orchards.leaves_tin":166,"stat.craftItem.minecraft.stone_pressure_plate":6,"stat.mineBlock.sky_orchards.log_dirt":54,"stat.pickup.sky_orchards.resin_cottonwood":13,"stat.drop.sky_orchards.sapling_petrified":1,"stat.pickup.minecraft.rotten_flesh":3,"stat.craftItem.sky_orchards.amber_clay":3,"stat.pickup.sky_orchards.sapling_dirt":64,"stat.craftItem.minecraft.stone_axe":32,"stat.pickup.minecraft.bucket":1,"stat.mineBlock.sky_orchards.amber_dirt":2,"stat.craftItem.bdsandm.upgrade":2,"stat.pickup.sky_orchards.resin_petrified":106,"stat.useItem.minecraft.iron_pickaxe":2,"stat.craftItem.minecraft.wooden_pickaxe":4,"stat.useItem.minecraft.oak_stairs":5,"stat.furnaceInteraction":347,"stat.pickup.xlfoodmod.lettuce_seeds":1,"stat.mineBlock.sky_orchards.amber_iron":1,"stat.craftItem.thermalfoundation.material":126,"stat.pickup.sky_orchards.acorn_coal":12,"stat.craftItem.tcomplement.porcelain_casting":2,"stat.pickup.sky_orchards.acorn_dirt":134,"stat.pickup.sky_orchards.sapling_coal":12,"stat.pickup.minecraft.skull":1,"stat.pickup.ceramics.unfired_clay":43,"stat.craftItem.minecraft.sand":9,"stat.mineBlock.sky_orchards.log_tin":15,"stat.pickup.sky_orchards.leaves_coal":4,"stat.craftItem.morecauldrons.cobble_cauldron":1,"stat.useItem.minecraft.dye":11,"stat.mineBlock.minecraft.oak_stairs":3,"stat.deaths":16,"stat.pickup.minecraft.bowl":4,"stat.pickup.sky_orchards.leaves_dirt":10,"stat.playOneMinute":481930,"stat.pickup.tconstruct.rack":8,"stat.craftItem.minecraft.iron_pickaxe":1,"stat.useItem.sky_orchards.acorn_dirt":26,"stat.pickup.sky_orchards.sapling_lapis":2,"stat.craftItem.inspirations.path":3,"stat.chestOpened":482,"stat.craftItem.tp.cobblegen_block":1,"stat.pickup.minecraft.arrow":1,"stat.pickup.sky_orchards.acorn_petrified":60,"stat.mineBlock.sky_orchards.leaves_iron":45,"stat.useItem.inspirations.wooden_crook":404,"stat.pickup.sky_orchards.resin_sand":106,"stat.craftItem.minecraft.coal":52,"stat.useItem.sky_orchards.sapling_gravel":4,"stat.fallOneCm":869209,"stat.pickup.sky_orchards.leaves_bone":11,"stat.crouchOneCm":50689,"stat.mineBlock.minecraft.chest":7,"stat.craftItem.minecraft.chest":281,"stat.craftItem.minecraft.iron_ingot":286,"stat.pickup.bonsaitrees.bonsaipot":45,"stat.pickup.sky_orchards.resin_lapis":10,"stat.craftItem.minecraft.hopper":50,"stat.craftingTableInteraction":341,"stat.pickup.sky_orchards.sapling_sand":15,"stat.mineBlock.tconstruct.rack":8,"stat.pickup.sky_orchards.sapling_tin":15,"stat.pickup.minecraft.wooden_pickaxe":1,"stat.pickup.sky_orchards.resin_tin":30,"stat.craftItem.minecraft.wooden_button":52,"stat.mineBlock.bdsandm.wood_crate":9,"stat.useItem.minecraft.furnace":6,"stat.pickup.minecraft.dye":13,"stat.pickup.minecraft.planks":50,"stat.pickup.sky_orchards.resin_iron":244,"stat.pickup.rustic.fertile_soil":32,"stat.craftItem.sky_orchards.amber_dirt":2,"stat.pickup.sky_orchards.amber_dirt":2,"stat.mineBlock.sky_orchards.sapling_petrified":1,"stat.useItem.minecraft.stone_pickaxe":26,"stat.mineBlock.minecraft.glass":1,"stat.mineBlock.sky_orchards.log_bone":16,"stat.craftItem.minecraft.oak_stairs":4,"stat.mineBlock.minecraft.dirt":41,"stat.pickup.sky_orchards.acorn_iron":681,"stat.craftItem.sky_orchards.amber_tin":69,"stat.useItem.minecraft.torch":8,"stat.pickup.sky_orchards.sapling_iron":33,"stat.mineBlock.sky_orchards.sapling_dirt":1,"stat.pickup.sky_orchards.leaves_clay":77,"stat.pickup.advancementbook.advancement_book":2,"stat.useItem.minecraft.log":3,"stat.craftItem.minecraft.crafting_table":2,"stat.craftItem.ceramics.clay_bucket":4,"stat.pickup.minecraft.log":1402,"stat.craftItem.tcomplement.porcelain_melter":1,"stat.pickup.sky_orchards.resin_gravel":78,"stat.pickup.sky_orchards.acorn_sand":165,"stat.pickup.minecraft.sapling":9,"stat.pickup.minecraft.apple":1,"stat.mineBlock.minecraft.iron_block":2,"stat.mineBlock.sky_orchards.sapling_gravel":2,"stat.craftItem.minecraft.planks":4585,"stat.killEntity.rogue_android":4,"stat.craftItem.minecraft.dirt":74,"stat.pickup.morecauldrons.oak_cauldron":1,"stat.craftItem.rustic.fertile_soil":63,"stat.mineBlock.minecraft.log":18,"stat.mineBlock.sky_orchards.log_clay":9,"stat.craftItem.minecraft.flower_pot":1,"stat.useItem.inspirations.bone_crook":453,"stat.pickup.sky_orchards.acorn_lapis":2,"stat.craftItem.minecraft.paper":1,"stat.useItem.sky_orchards.acorn_sand":16,"stat.sneakTime":16496,"stat.drop.minecraft.bucket":1,"stat.useItem.minecraft.wooden_axe":58,"stat.craftItem.minecraft.cobblestone":8,"stat.useItem.sky_orchards.sapling_dirt":9,"stat.pickup.minecraft.chest":7,"stat.pickup.minecraft.bone":9,"stat.mineBlock.tcomplement.porcelain_tank":1,"stat.craftItem.ceramics.unfired_clay":128,"stat.mineBlock.minecraft.cobblestone":77,"stat.mineBlock.sky_orchards.leaves_gravel":177,"stat.pickup.minecraft.flint":8,"stat.killEntity.Human":4,"stat.craftItem.minecraft.bone":12,"stat.pickup.sky_orchards.resin_dirt":160,"stat.pickup.minecraft.flower_pot":1,"stat.pickup.pickletweaks.coal_piece":1,"stat.craftItem.sky_orchards.amber_iron":457,"stat.craftItem.inspirations.bone_crook":1,"stat.swimOneCm":245,"stat.useItem.rustic.crushing_tub":3,"stat.mineBlock.morecauldrons.oak_cauldron":2,"stat.useItem.sky_orchards.sapling_bone":3,"stat.useItem.minecraft.dirt":13,"stat.useItem.minecraft.stone_slab2":89,"stat.craftItem.minecraft.furnace":8,"stat.craftItem.minecraft.bone_block":15,"stat.craftItem.extendedcrafting.handheld_table":1,"stat.craftItem.sky_orchards.sapling_bone":1,"stat.craftItem.minecraft.stone_pickaxe":1,"stat.mineBlock.sky_orchards.leaves_dirt":393,"stat.pickup.minecraft.cobblestone":47,"stat.flyOneCm":421815,"stat.craftItem.minecraft.glass_bottle":3,"stat.pickup.minecraft.clay":64,"stat.pickup.sky_orchards.sapling_lead":23,"stat.pickup.sky_orchards.resin_coal":7,"stat.craftItem.minecraft.wooden_slab":18,"stat.useItem.thermaldynamics.duct_32":118,"stat.pickup.sky_orchards.sapling_petrified":66,"stat.mineBlock.morecauldrons.cobble_cauldron":2,"stat.timeSinceDeath":62691,"stat.pickup.chiselsandbits.block_bit":138,"stat.pickup.minecraft.wooden_axe":1,"stat.craftItem.tcomplement.porcelain_tank":2,"stat.useItem.sky_orchards.sapling_clay":1,"stat.pickup.sky_orchards.acorn_lead":13,"stat.killEntity.Creeper":2,"stat.useItem.xlfoodmod.coffee":1,"stat.useItem.tp.toasted_bread":1,"stat.pickup.minecraft.string":4,"stat.pickup.sky_orchards.amber_iron":1,"stat.mineBlock.sky_orchards.leaves_clay":103,"stat.pickup.sky_orchards.sapling_cottonwood":6,"stat.craftItem.minecraft.stone_slab2":0,"stat.useItem.sky_orchards.sapling_petrified":8,"stat.craftItem.thermaldynamics.duct_32":132,"stat.pickup.thermaldynamics.duct_32":10,"stat.sprintOneCm":350758,"stat.craftItem.minecraft.stick":212,"stat.craftItem.minecraft.wooden_axe":5,"stat.useItem.carryon.tile_item":1,"stat.mineBlock.sky_orchards.leaves_petrified":390,"stat.craftItem.minecraft.stone":29,"stat.pickup.minecraft.grass":16,"stat.pickup.sky_orchards.leaves_gravel":23,"stat.pickup.inspirations.wooden_crook":1,"stat.craftItem.bdsandm.crate_key":1,"stat.craftItem.minecraft.clay_ball":516,"stat.mineBlock.sky_orchards.log_lead":15,"stat.pickup.xlfoodmod.coffee_cup":1,"stat.mineBlock.minecraft.planks":44,"stat.drop":2,"stat.mineBlock.rustic.leaves_apple":52,"stat.pickup.sky_orchards.leaves_lead":3,"stat.mineBlock.bonsaitrees.bonsaipot":45,"stat.pickup.minecraft.iron_block":10,"stat.killEntity.Zombie":4,"stat.craftItem.minecraft.dye":165,"stat.craftItem.minecraft.clay":127,"stat.pickup.sky_orchards.acorn_cottonwood":23,"stat.mineBlock.sky_orchards.leaves_bone":220,"stat.useItem.sky_orchards.acorn_cottonwood":2,"stat.pickup.morecauldrons.cobble_cauldron":2,"stat.useItem.bonsaitrees.bonsaipot":50,"stat.pickup.sky_orchards.resin_clay":361,"stat.useItem.minecraft.rotten_flesh":2,"stat.pickup.sky_orchards.leaves_iron":143,"stat.jump":2629,"stat.pickup.sky_orchards.acorn_tin":45,"stat.craftItem.bonsaitrees.bonsaipot":96,"stat.useItem.minecraft.stone_axe":1149,"stat.pickup.minecraft.gunpowder":2,"stat.craftItem.minecraft.torch":16,"stat.pickup.minecraft.dirt":35,"stat.useItem.sky_orchards.sapling_tin":2,"stat.pickup.sky_orchards.resin_bone":55,"stat.pickup.tcomplement.porcelain_tank":1,"stat.pickup.sky_orchards.leaves_cottonwood":7,"stat.useItem.minecraft.sapling":1,"stat.pickup.minecraft.leaves":5,"stat.mineBlock.thermaldynamics.duct_32":10,"stat.damageTaken":5335,"stat.mineBlock.minecraft.torch":3,"stat.useItem.minecraft.wooden_pickaxe":76,"stat.craftItem.sky_orchards.amber_lead":57,"stat.useItem.sky_orchards.amber_iron":1,"stat.pickup.minecraft.oak_stairs":3,"stat.pickup.sky_orchards.sapling_clay":30,"stat.pickup.statues.blockplayerstatue":1,"stat.useItem.bdsandm.wood_crate":93,"stat.damageDealt":4118,"stat.craftItem.minecraft.glass":9,"stat.mineBlock.sky_orchards.log_iron":5,"stat.craftItem.sky_orchards.acorn_bone":2,"stat.pickup.sky_orchards.acorn_bone":95,"stat.walkOneCm":1091849,"stat.craftItem.sky_orchards.amber_petrified":2,"stat.useItem.minecraft.chest":17,"stat.pickup.minecraft.stick":439,"stat.pickup.sky_orchards.sapling_bone":29,"stat.pickup.minecraft.clay_ball":218,"stat.craftItem.inspirations.wooden_crook":10,"stat.pickup.sky_orchards.acorn_clay":402,"stat.pickup.rustic.apple_seeds":1,"stat.pickup.sky_orchards.leaves_sand":54,"stat.craftItem.morecauldrons.oak_cauldron":1,"stat.craftItem.slabmachines.chest_slab":38,"stat.craftItem.ceramics.faucet":2,"stat.mineBlock.sky_orchards.log_gravel":9,"stat.useItem.sky_orchards.sapling_lead":2,"stat.craftItem.rustic.crushing_tub":5,"stat.pickup.sky_orchards.acorn_gravel":86,"stat.mineBlock.sky_orchards.leaves_lead":155,"stat.pickup.sky_orchards.sapling_gravel":35,"stat.killEntity.Skeleton":1,"stat.useItem.sky_orchards.acorn_clay":39,"stat.craftItem.bdsandm.wood_crate":117,"stat.killEntity.Spider":1,"stat.mobKills":15,"stat.mineBlock.minecraft.leaves":107,"stat.pickup.minecraft.torch":6,"stat.pickup.sky_orchards.leaves_tin":10,"stat.craftItem.minecraft.brick":264,"stat.mineBlock.sky_orchards.log_petrified":51}