{
  "sf4:age1/sapling/cottonwood": {
    "criteria": {
      "Completed Root": "2025-05-02 05:16:57 +0000",
      "Obtain Cottonwood Sapling": "2025-05-02 06:16:27 +0000"
    },
    "done": true
  },
  "tutorial:tutorial/oakplanks": {
    "criteria": {
      "Obtain Oak Wood Planks": "2025-05-02 05:27:35 +0000"
    },
    "done": false
  },
  "sf4:age1/complete": {
    "criteria": {
      "Completed Tin Man§r": "2025-05-02 09:11:38 +0000",
      "Completed Air Fryer§r": "2025-05-02 05:36:04 +0000",
      "Completed That\u0027s Dir-tree§r": "2025-05-02 05:22:33 +0000",
      "Completed Sticky Keys§r": "2025-05-02 05:26:56 +0000",
      "Completed You Cotton Be Kidding Me§r": "2025-05-02 06:16:27 +0000",
      "Completed Stone Crook§r": "2025-05-02 06:48:55 +0000",
      "Completed Water You Waiting For?§r": "2025-05-02 06:14:04 +0000",
      "Completed Break a Leg§r": "2025-05-02 07:04:44 +0000",
      "Completed Blue Man Group§r": "2025-05-02 08:26:14 +0000",
      "Completed I Love Lucy§r": "2025-05-02 05:38:24 +0000",
      "Completed Hotbois§r": "2025-05-02 06:25:37 +0000",
      "Completed Palm Trees§r": "2025-05-02 06:19:46 +0000",
      "Completed Root": "2025-05-02 05:16:57 +0000",
      "Completed It\u0027s Tin This Pack§r": "2025-05-02 09:12:35 +0000",
      "Completed Captain Hook§r": "2025-05-02 05:26:46 +0000",
      "Completed Not a Helmet§r": "2025-05-02 08:06:30 +0000",
      "Completed Study in the Dark Arts§r": "2025-05-02 06:48:02 +0000",
      "Completed Dirty Dancing§r": "2025-05-02 05:28:32 +0000",
      "Completed Amber is the Color of my Dinosaur§r": "2025-05-02 06:54:38 +0000",
      "Completed SkyFactory 4§r": "2025-05-02 05:16:57 +0000",
      "Completed Don\u0027t Sieve on Me§r": "2025-05-02 05:48:35 +0000",
      "Completed Lead Zeppelin§r": "2025-05-02 08:42:59 +0000",
      "Completed Lead it Go§r": "2025-05-02 08:37:12 +0000",
      "Completed Bubble, Bubble§r": "2025-05-02 05:59:45 +0000",
      "Completed One Shiny Boi§r": "2025-05-02 09:17:56 +0000",
      "Completed Money Grows on Trees§r": "2025-05-02 09:19:09 +0000",
      "Completed Slop in the Bucket§r": "2025-05-02 05:59:28 +0000",
      "Completed You Cotton Something?§r": "2025-05-02 06:16:49 +0000",
      "Completed On the Rocks§r": "2025-05-02 05:52:32 +0000",
      "Completed Starting from the Bottom§r": "2025-05-02 05:17:36 +0000",
      "Completed COALateral Damage§r": "2025-05-02 06:22:51 +0000",
      "Completed Oh, the Irony§r": "2025-05-02 09:00:34 +0000",
      "Completed Ironwood§r": "2025-05-02 08:17:58 +0000",
      "Completed Hardwood§r": "2025-05-02 05:44:39 +0000",
      "Completed Sixteen Tons§r": "2025-05-02 06:21:02 +0000",
      "Completed Clay Aiken§r": "2025-05-02 05:57:32 +0000"
    },
    "done": false
  },
  "sf4:age1/sapling/bacon": {
    "criteria": {
      "Completed Root": "2025-05-02 05:16:57 +0000"
    },
    "done": false
  },
  "sf4:age1/nonpacifist": {
    "criteria": {
      "superflat2": "2025-05-02 05:16:57 +0000",
      "superflat32": "2025-05-02 05:16:57 +0000",
      "Completed Root": "2025-05-02 05:16:57 +0000"
    },
    "done": true
  },
  "sf4:age1/sapling/slime": {
    "criteria": {
      "Completed Root": "2025-05-02 05:16:57 +0000"
    },
    "done": false
  },
  "sf4:age1/string": {
    "criteria": {
      "Completed Root": "2025-05-02 05:16:57 +0000",
      "Obtain Cottonwood Sapling": "2025-05-02 06:16:27 +0000",
      "Obtain String": "2025-05-02 06:16:49 +0000"
    },
    "done": true
  },
  "sf4:age_enhancement/stenciltable": {
    "criteria": {
      "Obtain Tinkers\u0027 Stencil Table": "2025-05-02 07:45:40 +0000"
    },
    "done": true
  },
  "sf4:age_storage/complete_no_prestige": {
    "criteria": {
      "Prestige Mode Disabled": "2025-05-02 05:16:57 +0000",
      "Completed Age of Storage§r": "2025-05-02 05:16:57 +0000"
    },
    "done": false
  },
  "sf4:age1/sapling/petrified": {
    "criteria": {
      "Completed Root": "2025-05-02 05:16:57 +0000",
      "Obtain Petrified Sapling": "2025-05-02 05:44:39 +0000"
    },
    "done": true
  },
  "sf4:age1/sapling/redstone": {
    "criteria": {
      "Completed Root": "2025-05-02 05:16:57 +0000"
    },
    "done": false
  },
  "compactmachines:test/3x3x3": {
    "criteria": {
      "Obtain Grass Block": "2025-05-02 06:55:55 +0000"
    },
    "done": false
  },
  "sf4:age1/sapling/tin": {
    "criteria": {
      "Completed Root": "2025-05-02 05:16:57 +0000",
      "Obtain Tin Sapling": "2025-05-02 09:12:35 +0000"
    },
    "done": true
  },
  "sf4:age_enhancement/melter": {
    "criteria": {
      "Obtain Porcelain Melter": "2025-05-02 08:34:59 +0000"
    },
    "done": true
  },
  "sf4:age1/wooden_crook": {
    "criteria": {
      "Completed Root": "2025-05-02 05:16:57 +0000",
      "Obtain Wooden Crook": "2025-05-02 05:26:46 +0000"
    },
    "done": true
  },
  "tutorial:tutorial/copied/sandsapling": {
    "criteria": {
      "Obtain Sand Sapling": "2025-05-02 06:19:46 +0000"
    },
    "done": false
  },
  "sf4:age_farming/bonsai": {
    "criteria": {
      "Obtain Bonsai Pot": "2025-05-02 06:51:18 +0000"
    },
    "done": true
  },
  "pacifist:pacifist_run/root": {
    "criteria": {
      "hasRock": "2025-05-02 05:16:57 +0000"
    },
    "done": false
  },
  "sf4:age_storage/complete": {
    "criteria": {
      "Completed Age of Storage§r": "2025-05-02 05:16:57 +0000"
    },
    "done": false
  },
  "tutorial:tutorial/craftingstation": {
    "criteria": {
      "Obtain a Crafting Station": "2025-05-02 07:45:40 +0000"
    },
    "done": false
  },
  "sf4:age1/slabs": {
    "criteria": {
      "Completed Root": "2025-05-02 05:16:57 +0000"
    },
    "done": false
  },
  "sf4:age_farming/wheatseeds": {
    "criteria": {
      "Obtain Wheat Seeds": "2025-05-02 09:15:53 +0000"
    },
    "done": true
  },
  "tutorial:tutorial/copied/gold": {
    "criteria": {
      "Obtain Gold Amber": "2025-05-02 09:17:56 +0000"
    },
    "done": false
  },
  "sf4:age1/lavasource": {
    "criteria": {
      "Completed SkyFactory 4§r": "2025-05-02 05:16:57 +0000",
      "Completed Root": "2025-05-02 05:16:57 +0000"
    },
    "done": false
  },
  "tutorial:tutorial/copied/petrifiedsapling": {
    "criteria": {
      "Obtain Petrified Sapling": "2025-05-02 05:44:39 +0000"
    },
    "done": false
  },
  "hardcore:hardcore/forgivingvoid": {
    "criteria": {
      "Completed Age of Exploration§r": "2025-05-02 05:16:57 +0000"
    },
    "done": false
  },
  "sf4:age_enhancement/completenoprestige": {
    "criteria": {
      "Prestige Mode Disabled": "2025-05-02 05:16:57 +0000",
      "Completed Tim the Tool Man Taylor§r": "2025-05-02 07:47:56 +0000",
      "Completed To Be ORe Not to Be§r": "2025-05-02 08:34:59 +0000",
      "Completed Keep It Between the Lines§r": "2025-05-02 07:45:40 +0000",
      "Completed Rolling into the Station§r": "2025-05-02 07:46:09 +0000",
      "Completed Age of Enhancement§r": "2025-05-02 05:16:57 +0000",
      "Completed Ore\u0027nt You Glad I Didn\u0027t Say Banana§r": "2025-05-02 07:35:35 +0000"
    },
    "done": false
  },
  "tutorial:tutorial/copied/goldsapling": {
    "criteria": {
      "Obtain Gold Sapling": "2025-05-02 09:19:09 +0000"
    },
    "done": false
  },
  "tutorial:tutorial/copied/watercollection": {
    "criteria": {
      "Right Click Cauldron with Water Inside": "2025-05-02 06:07:54 +0000",
      "Right Click Boiling Cauldron with Water Inside": "2025-05-02 08:40:42 +0000"
    },
    "done": false
  },
  "sf4:age1/completenoprestige": {
    "criteria": {
      "Completed Tin Man§r": "2025-05-02 09:11:38 +0000",
      "Completed Air Fryer§r": "2025-05-02 05:36:04 +0000",
      "Prestige Mode Disabled": "2025-05-02 05:16:57 +0000",
      "Completed That\u0027s Dir-tree§r": "2025-05-02 05:22:33 +0000",
      "Completed Sticky Keys§r": "2025-05-02 05:26:56 +0000",
      "Completed You Cotton Be Kidding Me§r": "2025-05-02 06:16:27 +0000",
      "Completed Stone Crook§r": "2025-05-02 06:48:55 +0000",
      "Completed Water You Waiting For?§r": "2025-05-02 06:14:04 +0000",
      "Completed Break a Leg§r": "2025-05-02 07:04:44 +0000",
      "Completed Blue Man Group§r": "2025-05-02 08:26:14 +0000",
      "Completed I Love Lucy§r": "2025-05-02 05:38:24 +0000",
      "Completed Hotbois§r": "2025-05-02 06:25:37 +0000",
      "Completed Palm Trees§r": "2025-05-02 06:19:46 +0000",
      "Completed Root": "2025-05-02 05:16:57 +0000",
      "Completed It\u0027s Tin This Pack§r": "2025-05-02 09:12:35 +0000",
      "Completed Captain Hook§r": "2025-05-02 05:26:46 +0000",
      "Completed Not a Helmet§r": "2025-05-02 08:06:30 +0000",
      "Completed Study in the Dark Arts§r": "2025-05-02 06:48:02 +0000",
      "Completed Dirty Dancing§r": "2025-05-02 05:28:32 +0000",
      "Completed Amber is the Color of my Dinosaur§r": "2025-05-02 06:54:38 +0000",
      "Completed SkyFactory 4§r": "2025-05-02 05:16:57 +0000",
      "Completed Don\u0027t Sieve on Me§r": "2025-05-02 05:48:35 +0000",
      "Completed Lead Zeppelin§r": "2025-05-02 08:42:59 +0000",
      "Completed Lead it Go§r": "2025-05-02 08:37:12 +0000",
      "Completed Bubble, Bubble§r": "2025-05-02 05:59:45 +0000",
      "Completed One Shiny Boi§r": "2025-05-02 09:17:56 +0000",
      "Completed Money Grows on Trees§r": "2025-05-02 09:19:09 +0000",
      "Completed Slop in the Bucket§r": "2025-05-02 05:59:28 +0000",
      "Completed You Cotton Something?§r": "2025-05-02 06:16:49 +0000",
      "Completed On the Rocks§r": "2025-05-02 05:52:32 +0000",
      "Completed Starting from the Bottom§r": "2025-05-02 05:17:36 +0000",
      "Completed COALateral Damage§r": "2025-05-02 06:22:51 +0000",
      "Completed Oh, the Irony§r": "2025-05-02 09:00:34 +0000",
      "Completed Ironwood§r": "2025-05-02 08:17:58 +0000",
      "Completed Hardwood§r": "2025-05-02 05:44:39 +0000",
      "Completed Sixteen Tons§r": "2025-05-02 06:21:02 +0000",
      "Completed Clay Aiken§r": "2025-05-02 05:57:32 +0000"
    },
    "done": false
  },
  "sf4:age_farming/root": {
    "criteria": {
      "inventoryChange": "2025-05-02 05:16:57 +0000"
    },
    "done": true
  },
  "sf4:age_exploration/completenoprestige": {
    "criteria": {
      "Completed Age of Exploration§r": "2025-05-02 05:16:57 +0000",
      "Prestige Mode Disabled": "2025-05-02 05:16:57 +0000"
    },
    "done": false
  },
  "sf4:age_power/root": {
    "criteria": {
      "inventoryChange": "2025-05-02 05:16:57 +0000"
    },
    "done": true
  },
  "tutorial:tutorial/copied/claysapling": {
    "criteria": {
      "Obtain a Clay Sapling": "2025-05-02 05:57:32 +0000"
    },
    "done": false
  },
  "tutorial:tutorial/copied/obsidian": {
    "criteria": {
      "Obtain Obsidian": "2025-05-02 06:48:02 +0000"
    },
    "done": false
  },
  "sf4:age1/sleep": {
    "criteria": {
      "Completed Root": "2025-05-02 05:16:57 +0000"
    },
    "done": false
  },
  "sf4:age1/sapling/lead": {
    "criteria": {
      "Completed Root": "2025-05-02 05:16:57 +0000",
      "Obtain Lead Sapling": "2025-05-02 08:42:59 +0000"
    },
    "done": true
  },
  "sf4:age1/sapling/diamond": {
    "criteria": {
      "Completed Root": "2025-05-02 05:16:57 +0000"
    },
    "done": false
  },
  "sf4:age1/watersource": {
    "criteria": {
      "Completed SkyFactory 4§r": "2025-05-02 05:16:57 +0000",
      "Completed Root": "2025-05-02 05:16:57 +0000"
    },
    "done": false
  },
  "sf4:age1/cauldron": {
    "criteria": {
      "Completed Root": "2025-05-02 05:16:57 +0000",
      "Obtain a Cauldron": "2025-05-02 05:59:45 +0000"
    },
    "done": true
  },
  "sf4:age1/cobblestone_generator": {
    "criteria": {
      "Completed Root": "2025-05-02 05:16:57 +0000"
    },
    "done": false
  },
  "tutorial:tutorial/copied/cobblestone": {
    "criteria": {
      "Obtain Cobblestone Block": "2025-05-02 05:52:32 +0000"
    },
    "done": false
  },
  "sf4:age_enhancement/partbuilder": {
    "criteria": {
      "Obtain Tinkers\u0027 Part Builder": "2025-05-02 07:47:56 +0000"
    },
    "done": true
  },
  "sf4:age1/sapling/gravel": {
    "criteria": {
      "Completed Root": "2025-05-02 05:16:57 +0000",
      "Obtain Gravel Sapling": "2025-05-02 05:48:35 +0000"
    },
    "done": true
  },
  "sf4:age1/crushing_tub": {
    "criteria": {
      "Obtain Crushing Tub": "2025-05-02 05:38:24 +0000",
      "Completed Root": "2025-05-02 05:16:57 +0000"
    },
    "done": true
  },
  "sf4:age1/prestige_notify": {
    "criteria": {
      "Completed Root": "2025-05-02 05:16:57 +0000"
    },
    "done": false
  },
  "tutorial:tutorial/petrifiedacorn": {
    "criteria": {
      "Obtain Oak Wood Planks": "2025-05-02 05:42:55 +0000"
    },
    "done": false
  },
  "sf4:age1/lava": {
    "criteria": {
      "Completed Root": "2025-05-02 05:16:57 +0000",
      "Obtain Lava Clay Bucket": "2025-05-02 06:25:37 +0000"
    },
    "done": true
  },
  "pacifist:pacifist_run/lose": {
    "criteria": {
      "killed poor innocent creature": "2025-05-02 05:24:06 +0000"
    },
    "done": false
  },
  "sf4:age1/root": {
    "criteria": {
      "non_tutorial_start": "2025-05-02 05:16:57 +0000"
    },
    "done": true
  },
  "tutorial:tutorial/woodencrook": {
    "criteria": {
      "Obtain a Wooden Crook": "2025-05-02 05:26:46 +0000"
    },
    "done": false
  },
  "sf4:age1/sapling/donut": {
    "criteria": {
      "Completed Root": "2025-05-02 05:16:57 +0000"
    },
    "done": false
  },
  "sf4:age_farming/fertilesoil": {
    "criteria": {
      "Obtain Fertile Soil": "2025-05-02 06:51:20 +0000"
    },
    "done": true
  },
  "tutorial:tutorial/copied/ironsapling": {
    "criteria": {
      "Obtain Iron Sapling": "2025-05-02 08:17:58 +0000"
    },
    "done": false
  },
  "sf4:age1/sapling/silver": {
    "criteria": {
      "Completed Root": "2025-05-02 05:16:57 +0000"
    },
    "done": false
  },
  "sf4:age_power/completenoprestige": {
    "criteria": {
      "Prestige Mode Disabled": "2025-05-02 05:16:57 +0000",
      "Completed Age of Power§r": "2025-05-02 05:16:57 +0000"
    },
    "done": false
  },
  "sf4:age1/sapling/clay": {
    "criteria": {
      "Completed Root": "2025-05-02 05:16:57 +0000",
      "Obtain a Clay Sapling": "2025-05-02 05:57:32 +0000"
    },
    "done": true
  },
  "sf4:age1/cobblestone": {
    "criteria": {
      "Completed Root": "2025-05-02 05:16:57 +0000",
      "Obtain Cobblestone Block": "2025-05-02 05:52:32 +0000"
    },
    "done": true
  },
  "sf4:age1/sapling/gold": {
    "criteria": {
      "Completed Root": "2025-05-02 05:16:57 +0000",
      "Obtain Gold Sapling": "2025-05-02 09:19:09 +0000"
    },
    "done": true
  },
  "tutorial:tutorial/dryingrack": {
    "criteria": {
      "Obtain Oak Wood Planks": "2025-05-02 05:36:04 +0000"
    },
    "done": false
  },
  "sf4:age1/amber/tin": {
    "criteria": {
      "Completed Root": "2025-05-02 05:16:57 +0000",
      "Obtain Tin Amber": "2025-05-02 09:11:38 +0000"
    },
    "done": true
  },
  "sf4:age1/acorn/dirt": {
    "criteria": {
      "Obtain Dirt Acorn": "2025-05-02 05:17:36 +0000",
      "Completed Root": "2025-05-02 05:16:57 +0000"
    },
    "done": true
  },
  "twilightforest:alt/compat/tconstruct": {
    "criteria": {
      "tooltable1": "2025-05-02 07:45:41 +0000"
    },
    "done": true
  },
  "sf4:age_allthethingsomglol/complete": {
    "criteria": {
      "Completed Age of ALLTHETHINGSOMGLOL§r": "2025-05-02 05:16:57 +0000"
    },
    "done": false
  },
  "tutorial:tutorial/oakwood": {
    "criteria": {
      "Obtain Oak Wood": "2025-05-02 05:23:57 +0000"
    },
    "done": false
  },
  "sf4:age_enhancement/root": {
    "criteria": {
      "inventoryChange": "2025-05-02 05:16:57 +0000"
    },
    "done": true
  },
  "sf4:age_exploration/complete": {
    "criteria": {
      "Completed Age of Exploration§r": "2025-05-02 05:16:57 +0000"
    },
    "done": false
  },
  "sf4:age1/sapling/dirt": {
    "criteria": {
      "Obtain Dirt Sapling": "2025-05-02 05:22:33 +0000",
      "Completed Root": "2025-05-02 05:16:57 +0000"
    },
    "done": true
  },
  "sf4:age1/resourcehogs": {
    "criteria": {
      "Completed Root": "2025-05-02 05:16:57 +0000"
    },
    "done": false
  },
  "sf4:age1/iron_ingot": {
    "criteria": {
      "Completed Root": "2025-05-02 05:16:57 +0000",
      "Obtain Iron Ingot": "2025-05-02 09:00:34 +0000"
    },
    "done": true
  },
  "sf4:age1/green_slimy_dirt": {
    "criteria": {
      "Completed Root": "2025-05-02 05:16:57 +0000"
    },
    "done": false
  },
  "sf4:age_enhancement/tank": {
    "criteria": {
      "Obtain Tank": "2025-05-02 07:35:35 +0000"
    },
    "done": true
  },
  "sf4:age1/iron_bucket": {
    "criteria": {
      "Completed Root": "2025-05-02 05:16:57 +0000",
      "Obtain Iron Bucket": "2025-05-02 08:06:30 +0000"
    },
    "done": true
  },
  "tutorial:tutorial/copied/gravelsapling": {
    "criteria": {
      "Obtain Gravel Sapling": "2025-05-02 05:48:35 +0000"
    },
    "done": false
  },
  "sf4:age1/amber/silver": {
    "criteria": {
      "Completed Root": "2025-05-02 05:16:57 +0000"
    },
    "done": false
  },
  "sf4:age_enhancement/toolstation": {
    "criteria": {
      "Obtain Tool Station": "2025-05-02 07:46:09 +0000"
    },
    "done": true
  },
  "sf4:age1/amber/lead": {
    "criteria": {
      "Completed Root": "2025-05-02 05:16:57 +0000",
      "Obtain Lead Amber": "2025-05-02 08:37:12 +0000"
    },
    "done": true
  },
  "tutorial:tutorial/placedirtsapling": {
    "criteria": {
      "Placed Dirt Sapling": "2025-05-02 05:23:18 +0000"
    },
    "done": false
  },
  "sf4:age1/amber/gold": {
    "criteria": {
      "Completed Root": "2025-05-02 05:16:57 +0000",
      "Obtain Gold Amber": "2025-05-02 09:17:56 +0000"
    },
    "done": true
  },
  "tutorial:tutorial/dirtsapling": {
    "criteria": {
      "Obtain a Dirt Sapling": "2025-05-02 05:22:33 +0000"
    },
    "done": false
  },
  "tutorial:tutorial/copied/cauldron": {
    "criteria": {
      "Obtain a Cauldron": "2025-05-02 05:59:45 +0000"
    },
    "done": false
  },
  "sf4:age_farming/skyorchards": {
    "criteria": {
      "Obtain Dirt Sapling": "2025-05-02 05:22:33 +0000",
      "Obtain Lead Sapling": "2025-05-02 08:42:59 +0000",
      "Obtain Coal Sapling": "2025-05-02 06:21:02 +0000",
      "Obtain Cottonwood Sapling": "2025-05-02 06:16:27 +0000",
      "Obtain Lapis Sapling": "2025-05-02 08:26:14 +0000",
      "Obtain Petrified Sapling": "2025-05-02 05:44:39 +0000",
      "Obtain Tin Sapling": "2025-05-02 09:12:35 +0000",
      "Obtain Iron Sapling": "2025-05-02 08:17:58 +0000",
      "Obtain Sand Sapling": "2025-05-02 06:19:46 +0000",
      "Obtain Gold Sapling": "2025-05-02 09:19:09 +0000",
      "Obtain Clay Sapling": "2025-05-02 05:57:32 +0000",
      "Obtain Gravel Sapling": "2025-05-02 05:48:35 +0000",
      "Obtain Bone Sapling": "2025-05-02 07:04:44 +0000"
    },
    "done": false
  },
  "sf4:age_exploration/skygriddragonkill": {
    "criteria": {
      "Completed Age of Exploration§r": "2025-05-02 05:16:57 +0000"
    },
    "done": false
  },
  "tutorial:tutorial/copied/crushingtub": {
    "criteria": {
      "Obtain Crushing Tub": "2025-05-02 05:38:24 +0000"
    },
    "done": false
  },
  "tutorial:tutorial/copied/water": {
    "criteria": {
      "Obtain Water in an Iron Bucket": "2025-05-02 09:15:09 +0000",
      "Obtain Water in a Clay Bucket": "2025-05-02 06:14:04 +0000"
    },
    "done": false
  },
  "sf4:age1/sapling/lapis": {
    "criteria": {
      "Completed Root": "2025-05-02 05:16:57 +0000",
      "Obtain Lapis Sapling": "2025-05-02 08:26:14 +0000"
    },
    "done": true
  },
  "sf4:age1/coal": {
    "criteria": {
      "Completed Root": "2025-05-02 05:16:57 +0000",
      "Obtain Coal": "2025-05-02 06:22:51 +0000"
    },
    "done": true
  },
  "tutorial:tutorial/copied/iron": {
    "criteria": {
      "Obtain Iron Amber": "2025-05-02 06:54:38 +0000"
    },
    "done": false
  },
  "sf4:age_exploration/root": {
    "criteria": {
      "inventoryChange": "2025-05-02 05:16:57 +0000"
    },
    "done": true
  },
  "tutorial:tutorial/copied/coalsapling": {
    "criteria": {
      "Obtain Coal Sapling": "2025-05-02 06:21:02 +0000"
    },
    "done": false
  },
  "sf4:age_storage/root": {
    "criteria": {
      "inventoryChange": "2025-05-02 05:16:57 +0000"
    },
    "done": true
  },
  "sf4:age1/diamond": {
    "criteria": {
      "Completed Root": "2025-05-02 05:16:57 +0000"
    },
    "done": false
  },
  "sf4:age1/obsidian": {
    "criteria": {
      "Completed Root": "2025-05-02 05:16:57 +0000",
      "Obtain Obsidian": "2025-05-02 06:48:02 +0000"
    },
    "done": true
  },
  "tutorial:tutorial/copied/lava": {
    "criteria": {
      "Obtain Lava Clay Bucket": "2025-05-02 06:25:37 +0000",
      "Obtain Lava Iron Bucket": "2025-05-02 09:05:09 +0000"
    },
    "done": false
  },
  "sf4:age1/sapling/sand": {
    "criteria": {
      "Completed Root": "2025-05-02 05:16:57 +0000",
      "Obtain Sand Sapling": "2025-05-02 06:19:46 +0000"
    },
    "done": true
  },
  "sf4:age1/dirt": {
    "criteria": {
      "Completed Root": "2025-05-02 05:16:57 +0000",
      "Craft Dirt Block": "2025-05-02 05:28:32 +0000"
    },
    "done": true
  },
  "sf4:age1/sapling/coal": {
    "criteria": {
      "Completed Root": "2025-05-02 05:16:57 +0000",
      "Obtain Coal Sapling": "2025-05-02 06:21:02 +0000"
    },
    "done": true
  },
  "sf4:age_enhancement/complete": {
    "criteria": {
      "Completed Tim the Tool Man Taylor§r": "2025-05-02 07:47:56 +0000",
      "Completed To Be ORe Not to Be§r": "2025-05-02 08:34:59 +0000",
      "Completed Keep It Between the Lines§r": "2025-05-02 07:45:40 +0000",
      "Completed Rolling into the Station§r": "2025-05-02 07:46:09 +0000",
      "Completed Age of Enhancement§r": "2025-05-02 05:16:57 +0000",
      "Completed Ore\u0027nt You Glad I Didn\u0027t Say Banana§r": "2025-05-02 07:35:35 +0000"
    },
    "done": false
  },
  "compactmachines:test/5x5x5": {
    "criteria": {
      "Obtain Porcelain Melter": "2025-05-02 08:34:59 +0000"
    },
    "done": false
  },
  "tutorial:tutorial/copied/claybucket": {
    "criteria": {
      "Obtain Unfired Clay Bucket": "2025-05-02 05:59:28 +0000",
      "Obtain Clay Bucket": "2025-05-02 06:12:23 +0000"
    },
    "done": false
  },
  "sf4:age1/sapling/iron": {
    "criteria": {
      "Completed Root": "2025-05-02 05:16:57 +0000",
      "Obtain Iron Sapling": "2025-05-02 08:17:58 +0000"
    },
    "done": true
  },
  "sf4:age1/stone_crook": {
    "criteria": {
      "Completed Root": "2025-05-02 05:16:57 +0000",
      "Obtain Stone Crook": "2025-05-02 06:48:55 +0000"
    },
    "done": true
  },
  "sf4:age1/sapling/bone": {
    "criteria": {
      "Completed Root": "2025-05-02 05:16:57 +0000",
      "Obtain Bone Sapling": "2025-05-02 07:04:44 +0000"
    },
    "done": true
  },
  "pacifist:pacifist_run/peaceful": {
    "criteria": {
      "brokeLeaves": "2025-05-02 05:24:17 +0000",
      "brokeLog": "2025-05-02 05:23:52 +0000"
    },
    "done": false
  },
  "sf4:age1/water": {
    "criteria": {
      "Completed Root": "2025-05-02 05:16:57 +0000",
      "Obtain Water in a Clay Bucket": "2025-05-02 06:14:04 +0000"
    },
    "done": true
  },
  "sf4:age1/acorn/dirt_cooked": {
    "criteria": {
      "Completed Root": "2025-05-02 05:16:57 +0000"
    },
    "done": false
  },
  "sf4:age1/twerk": {
    "criteria": {
      "Completed Root": "2025-05-02 05:16:57 +0000",
      "Obtain 8 Dirt Saplings": "2025-05-02 05:26:56 +0000",
      "Obtain 8 Oak Logs": "2025-05-02 05:26:32 +0000"
    },
    "done": true
  },
  "tutorial:tutorial/copied/string": {
    "criteria": {
      "Obtain Cottonwood Sapling": "2025-05-02 06:16:27 +0000",
      "Obtain String": "2025-05-02 06:16:49 +0000"
    },
    "done": false
  },
  "sf4:age_power/complete": {
    "criteria": {
      "Completed Age of Power§r": "2025-05-02 05:16:57 +0000"
    },
    "done": false
  },
  "hardcore:hardcore/survive": {
    "criteria": {
      "Get killed": "2025-05-02 05:17:57 +0000"
    },
    "done": false
  },
  "sf4:age1/clay_bucket": {
    "criteria": {
      "Obtain Unfired Clay Bucket": "2025-05-02 05:59:28 +0000",
      "Completed Root": "2025-05-02 05:16:57 +0000"
    },
    "done": true
  },
  "sf4:age_farming/complete": {
    "criteria": {
      "Completed Bonsai!!!§r": "2025-05-02 06:51:18 +0000",
      "Completed Shredded Wheat§r": "2025-05-02 09:15:53 +0000",
      "Completed Age of Farming§r": "2025-05-02 05:16:57 +0000"
    },
    "done": false
  },
  "sf4:age1/amber/iron": {
    "criteria": {
      "Completed Root": "2025-05-02 05:16:57 +0000",
      "Obtain Iron Amber": "2025-05-02 06:54:38 +0000"
    },
    "done": true
  },
  "tutorial:tutorial/copied/ironbucket": {
    "criteria": {
      "Obtain Iron Bucket": "2025-05-02 08:06:30 +0000"
    },
    "done": false
  },
  "tutorial:tutorial/copied/ironingot": {
    "criteria": {
      "Obtain Iron Ingot": "2025-05-02 09:00:34 +0000"
    },
    "done": false
  },
  "sf4:age1/drying_rack": {
    "criteria": {
      "Completed Root": "2025-05-02 05:16:57 +0000",
      "Obtain Drying Rack": "2025-05-02 05:36:04 +0000"
    },
    "done": true
  },
  "tutorial:tutorial/placeoak": {
    "criteria": {
      "Placed Oak Planks": "2025-05-02 05:29:10 +0000"
    },
    "done": false
  },
  "sf4:age_allthethingsomglol/complete_no_prestige": {
    "criteria": {
      "Prestige Mode Disabled": "2025-05-02 05:16:57 +0000",
      "Completed Age of ALLTHETHINGSOMGLOL§r": "2025-05-02 05:16:57 +0000"
    },
    "done": false
  },
  "sf4:age1/sapling": {
    "criteria": {
      "Completed SkyFactory 4§r": "2025-05-02 05:16:57 +0000",
      "Completed Root": "2025-05-02 05:16:57 +0000",
      "Has Sapling": "2025-05-02 05:22:33 +0000"
    },
    "done": false
  },
  "sf4:age_farming/complete_no_prestige": {
    "criteria": {
      "Prestige Mode Disabled": "2025-05-02 05:16:57 +0000",
      "Completed Shredded Wheat§r": "2025-05-02 09:15:53 +0000",
      "Completed Fertile Soil§r": "2025-05-02 06:51:20 +0000",
      "Completed Bonsai!!!§r": "2025-05-02 06:51:18 +0000",
      "Completed Age of Farming§r": "2025-05-02 05:16:57 +0000"
    },
    "done": false
  },
  "sf4:age_allthethingsomglol/root": {
    "criteria": {
      "inventoryChange": "2025-05-02 05:16:57 +0000"
    },
    "done": true
  }
}