{"stat.pickup.minecraft.bone":5,"stat.mineBlock.tcomplement.porcelain_tank":1,"stat.craftItem.ceramics.unfired_clay":128,"stat.leaveGame":1,"stat.mineBlock.minecraft.cobblestone":56,"stat.mineBlock.sky_orchards.leaves_gravel":177,"stat.pickup.minecraft.flint":7,"stat.killEntity.Human":1,"stat.craftItem.minecraft.bone":12,"stat.pickup.sky_orchards.resin_dirt":160,"stat.pickup.minecraft.flower_pot":1,"stat.pickup.pickletweaks.coal_piece":1,"stat.craftItem.sky_orchards.amber_bone":4,"stat.craftItem.sky_orchards.amber_iron":20,"stat.craftItem.inspirations.bone_crook":1,"stat.swimOneCm":245,"stat.pickup.sky_orchards.resin_lead":9,"stat.useItem.minecraft.planks":302,"stat.mineBlock.sky_orchards.leaves_tin":166,"stat.useItem.rustic.crushing_tub":3,"stat.mineBlock.morecauldrons.oak_cauldron":2,"stat.mineBlock.sky_orchards.log_dirt":54,"stat.useItem.sky_orchards.sapling_bone":3,"stat.useItem.minecraft.dirt":13,"stat.useItem.minecraft.stone_slab2":65,"stat.pickup.sky_orchards.resin_cottonwood":13,"stat.drop.sky_orchards.sapling_petrified":1,"stat.craftItem.sky_orchards.amber_clay":3,"stat.craftItem.minecraft.furnace":1,"stat.pickup.sky_orchards.sapling_dirt":64,"stat.craftItem.minecraft.bone_block":6,"stat.craftItem.minecraft.stone_axe":26,"stat.craftItem.extendedcrafting.handheld_table":1,"stat.craftItem.sky_orchards.sapling_bone":1,"stat.pickup.minecraft.bucket":1,"stat.mineBlock.sky_orchards.leaves_dirt":393,"stat.pickup.minecraft.cobblestone":47,"stat.mineBlock.sky_orchards.amber_dirt":2,"stat.flyOneCm":352644,"stat.craftItem.minecraft.glass_bottle":3,"stat.pickup.sky_orchards.sapling_lead":16,"stat.pickup.sky_orchards.resin_coal":1,"stat.craftItem.minecraft.wooden_slab":18,"stat.pickup.sky_orchards.resin_petrified":106,"stat.useItem.thermaldynamics.duct_32":2,"stat.pickup.sky_orchards.sapling_petrified":66,"stat.mineBlock.morecauldrons.cobble_cauldron":2,"stat.timeSinceDeath":58288,"stat.craftItem.minecraft.wooden_pickaxe":4,"stat.pickup.minecraft.wooden_axe":1,"stat.furnaceInteraction":144,"stat.craftItem.tcomplement.porcelain_tank":2,"stat.useItem.sky_orchards.sapling_clay":1,"stat.pickup.xlfoodmod.lettuce_seeds":1,"stat.pickup.sky_orchards.acorn_lead":8,"stat.killEntity.Creeper":2,"stat.useItem.xlfoodmod.coffee":1,"stat.useItem.tp.toasted_bread":1,"stat.craftItem.thermalfoundation.material":4,"stat.pickup.minecraft.string":2,"stat.pickup.sky_orchards.acorn_coal":6,"stat.mineBlock.sky_orchards.leaves_clay":103,"stat.craftItem.tcomplement.porcelain_casting":2,"stat.pickup.sky_orchards.sapling_cottonwood":6,"stat.craftItem.minecraft.stone_slab2":0,"stat.useItem.sky_orchards.sapling_petrified":8,"stat.craftItem.thermaldynamics.duct_32":6,"stat.pickup.sky_orchards.acorn_dirt":134,"stat.sprintOneCm":249465,"stat.craftItem.minecraft.stick":144,"stat.craftItem.minecraft.wooden_axe":5,"stat.pickup.ceramics.unfired_clay":43,"stat.useItem.carryon.tile_item":1,"stat.mineBlock.sky_orchards.leaves_petrified":390,"stat.pickup.minecraft.grass":16,"stat.craftItem.minecraft.sand":9,"stat.pickup.sky_orchards.leaves_gravel":17,"stat.mineBlock.sky_orchards.log_tin":15,"stat.pickup.inspirations.wooden_crook":1,"stat.pickup.sky_orchards.leaves_coal":1,"stat.craftItem.minecraft.clay_ball":152,"stat.craftItem.morecauldrons.cobble_cauldron":1,"stat.useItem.minecraft.dye":11,"stat.mineBlock.sky_orchards.log_lead":4,"stat.pickup.xlfoodmod.coffee_cup":1,"stat.deaths":14,"stat.mineBlock.minecraft.planks":10,"stat.pickup.minecraft.bowl":4,"stat.drop":2,"stat.pickup.sky_orchards.leaves_dirt":10,"stat.playOneMinute":304636,"stat.pickup.tconstruct.rack":8,"stat.mineBlock.rustic.leaves_apple":52,"stat.useItem.sky_orchards.acorn_dirt":26,"stat.pickup.sky_orchards.sapling_lapis":2,"stat.mineBlock.bonsaitrees.bonsaipot":14,"stat.killEntity.Zombie":2,"stat.craftItem.minecraft.dye":78,"stat.craftItem.minecraft.clay":35,"stat.chestOpened":363,"stat.pickup.sky_orchards.acorn_cottonwood":23,"stat.mineBlock.sky_orchards.leaves_bone":189,"stat.craftItem.tp.cobblegen_block":1,"stat.useItem.sky_orchards.acorn_cottonwood":2,"stat.pickup.sky_orchards.acorn_petrified":60,"stat.pickup.morecauldrons.cobble_cauldron":2,"stat.useItem.bonsaitrees.bonsaipot":9,"stat.mineBlock.sky_orchards.leaves_iron":45,"stat.useItem.inspirations.wooden_crook":404,"stat.pickup.sky_orchards.resin_sand":102,"stat.pickup.sky_orchards.resin_clay":231,"stat.pickup.sky_orchards.leaves_iron":119,"stat.useItem.sky_orchards.sapling_gravel":4,"stat.jump":1680,"stat.pickup.sky_orchards.acorn_tin":26,"stat.fallOneCm":788855,"stat.pickup.sky_orchards.leaves_bone":9,"stat.craftItem.bonsaitrees.bonsaipot":28,"stat.useItem.minecraft.stone_axe":886,"stat.pickup.minecraft.gunpowder":2,"stat.crouchOneCm":26330,"stat.mineBlock.minecraft.chest":7,"stat.craftItem.minecraft.chest":25,"stat.craftItem.minecraft.iron_ingot":18,"stat.pickup.minecraft.dirt":29,"stat.useItem.sky_orchards.sapling_tin":2,"stat.pickup.bonsaitrees.bonsaipot":14,"stat.pickup.sky_orchards.resin_lapis":10,"stat.craftItem.minecraft.hopper":3,"stat.craftingTableInteraction":233,"stat.pickup.sky_orchards.resin_bone":55,"stat.pickup.tcomplement.porcelain_tank":1,"stat.pickup.sky_orchards.sapling_sand":9,"stat.pickup.sky_orchards.leaves_cottonwood":7,"stat.useItem.minecraft.sapling":1,"stat.mineBlock.tconstruct.rack":8,"stat.pickup.minecraft.leaves":5,"stat.pickup.sky_orchards.sapling_tin":14,"stat.pickup.minecraft.wooden_pickaxe":1,"stat.pickup.sky_orchards.resin_tin":18,"stat.damageTaken":4535,"stat.craftItem.minecraft.wooden_button":52,"stat.mineBlock.minecraft.torch":2,"stat.useItem.minecraft.wooden_pickaxe":76,"stat.pickup.minecraft.dye":12,"stat.pickup.minecraft.planks":14,"stat.craftItem.sky_orchards.amber_lead":1,"stat.pickup.sky_orchards.resin_iron":177,"stat.pickup.rustic.fertile_soil":10,"stat.craftItem.sky_orchards.amber_dirt":2,"stat.pickup.sky_orchards.amber_dirt":2,"stat.mineBlock.sky_orchards.sapling_petrified":1,"stat.pickup.sky_orchards.sapling_clay":29,"stat.mineBlock.minecraft.glass":1,"stat.pickup.statues.blockplayerstatue":1,"stat.useItem.bdsandm.wood_crate":2,"stat.damageDealt":1735,"stat.mineBlock.sky_orchards.log_bone":16,"stat.craftItem.minecraft.glass":9,"stat.mineBlock.sky_orchards.log_iron":5,"stat.mineBlock.minecraft.dirt":34,"stat.pickup.sky_orchards.acorn_iron":293,"stat.craftItem.sky_orchards.acorn_bone":2,"stat.craftItem.sky_orchards.amber_tin":3,"stat.pickup.sky_orchards.acorn_bone":88,"stat.walkOneCm":586730,"stat.craftItem.sky_orchards.amber_petrified":2,"stat.useItem.minecraft.torch":1,"stat.useItem.minecraft.chest":17,"stat.pickup.sky_orchards.sapling_iron":30,"stat.mineBlock.sky_orchards.sapling_dirt":1,"stat.pickup.sky_orchards.leaves_clay":76,"stat.pickup.minecraft.stick":422,"stat.pickup.advancementbook.advancement_book":2,"stat.pickup.sky_orchards.sapling_bone":23,"stat.useItem.minecraft.log":3,"stat.pickup.minecraft.clay_ball":22,"stat.craftItem.inspirations.wooden_crook":10,"stat.craftItem.minecraft.crafting_table":2,"stat.pickup.sky_orchards.acorn_clay":273,"stat.pickup.rustic.apple_seeds":1,"stat.pickup.sky_orchards.leaves_sand":44,"stat.craftItem.ceramics.clay_bucket":4,"stat.craftItem.morecauldrons.oak_cauldron":1,"stat.pickup.minecraft.log":1202,"stat.craftItem.tcomplement.porcelain_melter":1,"stat.craftItem.ceramics.faucet":2,"stat.mineBlock.sky_orchards.log_gravel":9,"stat.useItem.sky_orchards.sapling_lead":1,"stat.pickup.sky_orchards.resin_gravel":69,"stat.craftItem.rustic.crushing_tub":5,"stat.pickup.sky_orchards.acorn_gravel":77,"stat.mineBlock.sky_orchards.leaves_lead":60,"stat.pickup.sky_orchards.acorn_sand":154,"stat.pickup.minecraft.sapling":9,"stat.pickup.sky_orchards.sapling_gravel":28,"stat.pickup.minecraft.apple":1,"stat.mineBlock.sky_orchards.sapling_gravel":2,"stat.useItem.sky_orchards.acorn_clay":39,"stat.craftItem.bdsandm.wood_crate":3,"stat.craftItem.minecraft.planks":1208,"stat.killEntity.rogue_android":1,"stat.craftItem.minecraft.dirt":18,"stat.pickup.morecauldrons.oak_cauldron":1,"stat.craftItem.rustic.fertile_soil":24,"stat.mobKills":5,"stat.mineBlock.minecraft.log":18,"stat.mineBlock.sky_orchards.log_clay":9,"stat.craftItem.minecraft.flower_pot":1,"stat.useItem.inspirations.bone_crook":453,"stat.pickup.sky_orchards.acorn_lapis":2,"stat.mineBlock.minecraft.leaves":107,"stat.craftItem.minecraft.paper":1,"stat.pickup.minecraft.torch":5,"stat.useItem.sky_orchards.acorn_sand":16,"stat.pickup.sky_orchards.leaves_tin":1,"stat.sneakTime":9929,"stat.drop.minecraft.bucket":1,"stat.useItem.minecraft.wooden_axe":58,"stat.craftItem.minecraft.brick":137,"stat.craftItem.minecraft.cobblestone":8,"stat.useItem.sky_orchards.sapling_dirt":9,"stat.mineBlock.sky_orchards.log_petrified":51,"stat.pickup.minecraft.chest":6}