{"stat.walkOneCm":56369,"stat.playerKills":2,"stat.leaveGame":2,"stat.craftItem.inspirations.wooden_crook":1,"stat.pickup.sky_orchards.acorn_petrified":12,"stat.pickup.sky_orchards.resin_dirt":32,"stat.useItem.xlfoodmod.coffee":1,"stat.useItem.inspirations.wooden_crook":103,"stat.useItem.tp.toasted_bread":1,"stat.pickup.minecraft.log":47,"stat.jump":170,"stat.fallOneCm":1006868,"stat.useItem.minecraft.planks":138,"stat.pickup.sky_orchards.acorn_gravel":1,"stat.craftItem.rustic.crop_stake":1,"stat.crouchOneCm":32281,"stat.mineBlock.sky_orchards.log_dirt":27,"stat.drop.sky_orchards.acorn_dirt":1,"stat.useItem.sky_orchards.sapling_petrified":2,"stat.pickup.minecraft.dirt":1,"stat.pickup.sky_orchards.acorn_dirt":25,"stat.sprintOneCm":14252,"stat.useItem.minecraft.stone_slab2":13,"stat.craftItem.minecraft.stick":16,"stat.craftItem.minecraft.wooden_axe":1,"stat.craftingTableInteraction":6,"stat.pickup.sky_orchards.sapling_dirt":18,"stat.mineBlock.sky_orchards.leaves_petrified":29,"stat.craftItem.minecraft.planks":148,"stat.damageTaken":1831,"stat.pickup.inspirations.wooden_crook":1,"stat.mineBlock.sky_orchards.leaves_dirt":130,"stat.pickup.minecraft.planks":10,"stat.flyOneCm":77009,"stat.deaths":5,"stat.mineBlock.minecraft.planks":5,"stat.drop":1,"stat.playOneMinute":33474,"stat.pickup.minecraft.torch":1,"stat.pickup.sky_orchards.resin_petrified":12,"stat.sneakTime":9419,"stat.useItem.sky_orchards.acorn_dirt":2,"stat.damageDealt":252,"stat.pickup.sky_orchards.sapling_petrified":8,"stat.timeSinceDeath":0,"stat.useItem.minecraft.wooden_axe":44,"stat.useItem.sky_orchards.sapling_dirt":4,"stat.mineBlock.sky_orchards.log_petrified":9}