{"stat.chestOpened":1,"stat.walkOneCm":94373,"stat.playerKills":3,"stat.drop.sky_orchards.resin_dirt":6,"stat.mineBlock.sky_orchards.sapling_dirt":1,"stat.craftItem.ceramics.unfired_clay":1,"stat.leaveGame":2,"stat.mineBlock.sky_orchards.leaves_gravel":193,"stat.craftItem.inspirations.wooden_crook":20,"stat.pickup.minecraft.flint":17,"stat.pickup.sky_orchards.acorn_clay":6,"stat.pickup.sky_orchards.acorn_petrified":41,"stat.useItem.tconstruct.rack":4,"stat.craftItem.morecauldrons.oak_cauldron":10,"stat.pickup.sky_orchards.resin_dirt":88,"stat.useItem.inspirations.wooden_crook":1171,"stat.useItem.xlfoodmod.coffee":1,"stat.useItem.tp.toasted_bread":1,"stat.pickup.minecraft.log":102,"stat.pickup.sky_orchards.resin_clay":16,"stat.mineBlock.sky_orchards.log_gravel":28,"stat.jump":145,"stat.drop.inspirations.wooden_crook":4,"stat.useItem.sky_orchards.sapling_gravel":2,"stat.craftItem.tconstruct.rack":8,"stat.pickup.rustic.crushing_tub":1,"stat.pickup.sky_orchards.resin_gravel":27,"stat.fallOneCm":501941,"stat.useItem.minecraft.planks":96,"stat.craftItem.sky_orchards.sapling_petrified":1,"stat.craftItem.rustic.crushing_tub":2,"stat.pickup.sky_orchards.acorn_gravel":35,"stat.mineBlock.sky_orchards.leaves_clay":114,"stat.crouchOneCm":19271,"stat.mineBlock.sky_orchards.log_dirt":56,"stat.drop.sky_orchards.acorn_dirt":2,"stat.useItem.sky_orchards.sapling_petrified":6,"stat.pickup.sky_orchards.acorn_dirt":93,"stat.useItem.minecraft.dirt":3,"stat.sprintOneCm":14417,"stat.useItem.minecraft.stone_slab2":22,"stat.pickup.sky_orchards.sapling_gravel":16,"stat.craftItem.minecraft.stick":368,"stat.craftItem.minecraft.wooden_axe":5,"stat.pickup.ceramics.unfired_clay":1,"stat.craftingTableInteraction":45,"stat.craftItem.sky_orchards.sapling_gravel":2,"stat.pickup.sky_orchards.sapling_dirt":121,"stat.mineBlock.sky_orchards.leaves_petrified":208,"stat.craftItem.minecraft.planks":164,"stat.damageTaken":1753,"stat.craftItem.minecraft.dirt":4,"stat.mineBlock.sky_orchards.leaves_dirt":661,"stat.craftItem.minecraft.clay_ball":4,"stat.pickup.minecraft.planks":2,"stat.mineBlock.sky_orchards.log_clay":9,"stat.pickup.xlfoodmod.coffee_cup":2,"stat.flyOneCm":9901,"stat.deaths":5,"stat.mineBlock.minecraft.planks":3,"stat.drop":9,"stat.mineBlock.rustic.crushing_tub":1,"stat.playOneMinute":51812,"stat.craftItem.sky_orchards.sapling_clay":1,"stat.mineBlock.sky_orchards.sapling_petrified":1,"stat.craftItem.minecraft.wooden_slab":30,"stat.pickup.sky_orchards.resin_petrified":20,"stat.pickup.sky_orchards.sapling_clay":4,"stat.sneakTime":6008,"stat.pickup.statues.blockplayerstatue":2,"stat.useItem.sky_orchards.acorn_dirt":8,"stat.damageDealt":296,"stat.pickup.sky_orchards.sapling_petrified":45,"stat.craftItem.minecraft.bowl":4,"stat.timeSinceDeath":12345,"stat.useItem.minecraft.wooden_axe":108,"stat.drop.statues.blockplayerstatue":2,"stat.craftItem.minecraft.clay":1,"stat.craftItem.minecraft.cobblestone":1,"stat.craftItem.minecraft.gravel":4,"stat.useItem.sky_orchards.sapling_dirt":11,"stat.mineBlock.sky_orchards.log_petrified":19}