{"stat.chestOpened":4,"stat.walkOneCm":93780,"stat.craftItem.sky_orchards.amber_petrified":2,"stat.useItem.minecraft.chest":1,"stat.mineBlock.sky_orchards.sapling_dirt":1,"stat.pickup.minecraft.stick":12,"stat.pickup.minecraft.wooden_axe":1,"stat.leaveGame":1,"stat.pickup.advancementbook.advancement_book":2,"stat.mineBlock.sky_orchards.leaves_gravel":12,"stat.craftItem.minecraft.crafting_table":2,"stat.craftItem.inspirations.wooden_crook":7,"stat.pickup.minecraft.flint":1,"stat.pickup.sky_orchards.acorn_petrified":26,"stat.pickup.sky_orchards.resin_dirt":83,"stat.useItem.inspirations.wooden_crook":250,"stat.useItem.tp.toasted_bread":1,"stat.pickup.minecraft.log":85,"stat.jump":205,"stat.pickup.sky_orchards.resin_gravel":15,"stat.fallOneCm":400527,"stat.useItem.minecraft.planks":104,"stat.craftItem.rustic.crushing_tub":1,"stat.pickup.sky_orchards.acorn_gravel":7,"stat.useItem.minecraft.stone_axe":11,"stat.crouchOneCm":12005,"stat.mineBlock.sky_orchards.log_dirt":26,"stat.useItem.sky_orchards.sapling_petrified":3,"stat.craftItem.minecraft.chest":2,"stat.pickup.sky_orchards.acorn_dirt":64,"stat.sprintOneCm":25764,"stat.useItem.minecraft.stone_slab2":12,"stat.pickup.sky_orchards.sapling_gravel":3,"stat.craftItem.minecraft.stick":8,"stat.craftItem.minecraft.wooden_axe":1,"stat.craftingTableInteraction":57,"stat.pickup.sky_orchards.sapling_dirt":38,"stat.mineBlock.sky_orchards.leaves_petrified":175,"stat.craftItem.minecraft.planks":228,"stat.craftItem.minecraft.stone_axe":1,"stat.craftItem.extendedcrafting.handheld_table":1,"stat.damageTaken":2201,"stat.craftItem.minecraft.dirt":3,"stat.pickup.inspirations.wooden_crook":1,"stat.mineBlock.sky_orchards.leaves_dirt":143,"stat.mineBlock.sky_orchards.amber_dirt":2,"stat.pickup.minecraft.planks":10,"stat.pickup.xlfoodmod.coffee_cup":1,"stat.flyOneCm":23198,"stat.deaths":6,"stat.mineBlock.minecraft.planks":3,"stat.pickup.minecraft.bowl":4,"stat.craftItem.sky_orchards.amber_dirt":2,"stat.pickup.sky_orchards.amber_dirt":2,"stat.playOneMinute":52904,"stat.pickup.minecraft.torch":3,"stat.craftItem.minecraft.wooden_slab":6,"stat.pickup.sky_orchards.resin_petrified":64,"stat.sneakTime":4223,"stat.pickup.statues.blockplayerstatue":1,"stat.useItem.sky_orchards.acorn_dirt":12,"stat.damageDealt":354,"stat.pickup.sky_orchards.sapling_petrified":21,"stat.timeSinceDeath":13511,"stat.useItem.minecraft.wooden_axe":34,"stat.mineBlock.minecraft.dirt":2,"stat.craftItem.minecraft.cobblestone":3,"stat.useItem.sky_orchards.sapling_dirt":4,"stat.mineBlock.sky_orchards.log_petrified":29}