{"stat.mineBlock.sky_orchards.log_coal":41,"stat.craftItem.sky_orchards.sapling_cottonwood":1,"stat.pickup.minecraft.bone":2,"stat.craftItem.sky_orchards.sapling_sand":1,"stat.drop.sky_orchards.resin_dirt":6,"stat.craftItem.ceramics.unfired_clay":50,"stat.leaveGame":2,"stat.mineBlock.minecraft.cobblestone":178,"stat.mineBlock.sky_orchards.leaves_gravel":194,"stat.pickup.minecraft.flint":43,"stat.mineBlock.minecraft.yellow_flower":13,"stat.killEntity.Human":2,"stat.useItem.chiselsandbits.block_bit":94,"stat.craftItem.tconstruct.faucet":1,"stat.pickup.sky_orchards.resin_dirt":108,"stat.pickup.sky_orchards.amber_gold":1,"stat.pickup.pickletweaks.coal_piece":16,"stat.craftItem.sky_orchards.amber_iron":27,"stat.swimOneCm":1359,"stat.pickup.rustic.crushing_tub":1,"stat.useItem.sky_orchards.sapling_lapis":3,"stat.pickup.sky_orchards.resin_lead":16,"stat.useItem.minecraft.planks":246,"stat.drop.tconstruct.pickaxe":1,"stat.craftItem.sky_orchards.sapling_petrified":1,"stat.mineBlock.morecauldrons.oak_cauldron":7,"stat.mineBlock.sky_orchards.log_dirt":60,"stat.craftItem.inspirations.stone_crook":6,"stat.useItem.sky_orchards.sapling_bone":1,"stat.useItem.minecraft.obsidian":1,"stat.useItem.minecraft.dirt":25,"stat.useItem.minecraft.stone_slab2":137,"stat.drop.sky_orchards.acorn_lapis":1,"stat.pickup.sky_orchards.resin_cottonwood":14,"stat.useItem.sky_orchards.sapling_iron":7,"stat.drop.minecraft.brick":1,"stat.pickup.minecraft.rotten_flesh":1,"stat.craftItem.minecraft.furnace":3,"stat.craftItem.minecraft.lapis_block":1,"stat.pickup.chiselsandbits.chiseled_grass":4,"stat.craftItem.sky_orchards.sapling_gravel":2,"stat.pickup.sky_orchards.sapling_dirt":166,"stat.craftItem.minecraft.bone_block":7,"stat.craftItem.minecraft.stone_axe":12,"stat.pickup.tp.cobblegen_block":2,"stat.craftItem.minecraft.stone_pickaxe":4,"stat.mineBlock.sky_orchards.leaves_dirt":701,"stat.pickup.minecraft.cobblestone":155,"stat.craftItem.tconstruct.casting":2,"stat.craftItem.sky_orchards.amber_gold":5,"stat.drop.rustic.fertile_soil":1,"stat.flyOneCm":280531,"stat.useItem.minecraft.ender_pearl":1,"stat.mineBlock.sky_orchards.leaves_coal":438,"stat.pickup.sky_orchards.sapling_lead":21,"stat.pickup.sky_orchards.resin_coal":77,"stat.craftItem.minecraft.wooden_slab":30,"stat.pickup.sky_orchards.resin_petrified":243,"stat.craftItem.sky_orchards.amber_lapis":1,"stat.pickup.chiselsandbits.chiseled_wood":1,"stat.craftItem.chisel.marble2":16,"stat.pickup.sky_orchards.sapling_petrified":216,"stat.mineBlock.morecauldrons.cobble_cauldron":3,"stat.mineBlock.astralsorcery.blockaltar":4,"stat.timeSinceDeath":68586,"stat.mineBlock.sky_orchards.leaves_cottonwood":52,"stat.craftItem.minecraft.wooden_pickaxe":2,"stat.pickup.chiselsandbits.block_bit":128,"stat.mineBlock.tconstruct.clear_glass":1,"stat.pickup.tcomplement.porcelain_melter":1,"stat.craftItem.tconstruct.seared":30,"stat.pickup.tconstruct.soil":6,"stat.furnaceInteraction":154,"stat.useItem.tconstruct.rack":4,"stat.useItem.sky_orchards.sapling_clay":3,"stat.useItem.sky_orchards.sapling_gold":3,"stat.pickup.xlfoodmod.lettuce_seeds":1,"stat.pickup.sky_orchards.acorn_lead":16,"stat.mineBlock.sky_orchards.amber_iron":1,"stat.useItem.xlfoodmod.coffee":1,"stat.useItem.tp.toasted_bread":1,"stat.craftItem.tconstruct.soil":160,"stat.mineBlock.sky_orchards.leaves_gold":221,"stat.pickup.minecraft.string":2,"stat.pickup.tcomplement.porcelain_casting":2,"stat.pickup.sky_orchards.acorn_coal":84,"stat.mineBlock.sky_orchards.leaves_clay":277,"stat.useItem.chiselsandbits.chiseled_grass":3,"stat.craftItem.minecraft.stone_slab2":0,"stat.pickup.sky_orchards.sapling_cottonwood":2,"stat.craftItem.tconstruct.stone_stick":4,"stat.drop.conarm.chest_core":2,"stat.drop.sky_orchards.acorn_dirt":2,"stat.useItem.sky_orchards.sapling_petrified":38,"stat.craftItem.tconstruct.tooltables":3,"stat.pickup.sky_orchards.acorn_dirt":137,"stat.pickup.inspirations.potato_seeds":2,"stat.sprintOneCm":185713,"stat.pickup.sky_orchards.sapling_coal":56,"stat.mineBlock.tcomplement.porcelain_melter":1,"stat.drop.sky_orchards.resin_gravel":1,"stat.craftItem.minecraft.stick":368,"stat.craftItem.minecraft.wooden_axe":13,"stat.pickup.ceramics.unfired_clay":3,"stat.useItem.carryon.tile_item":6,"stat.mineBlock.sky_orchards.leaves_petrified":1877,"stat.pickup.minecraft.potion":2,"stat.craftItem.minecraft.sand":44,"stat.pickup.minecraft.grass":2,"stat.pickup.sky_orchards.leaves_gravel":66,"stat.pickup.minecraft.pumpkin_seeds":1,"stat.pickup.sky_orchards.leaves_coal":7,"stat.craftItem.minecraft.clay_ball":88,"stat.useItem.minecraft.dye":27,"stat.drop.morecauldrons.oak_cauldron":1,"stat.drop.chiselsandbits.block_bit":15,"stat.mineBlock.sky_orchards.log_lead":10,"stat.pickup.xlfoodmod.coffee_cup":2,"stat.deaths":13,"stat.mineBlock.minecraft.planks":10,"stat.drop":44,"stat.pickup.sky_orchards.leaves_dirt":9,"stat.playOneMinute":339298,"stat.pickup.tconstruct.rack":8,"stat.craftItem.sky_orchards.sapling_clay":4,"stat.useItem.tconstruct.seared":18,"stat.drop.sky_orchards.sapling_tin":1,"stat.useItem.sky_orchards.acorn_dirt":18,"stat.pickup.sky_orchards.sapling_lapis":35,"stat.pickup.minecraft.iron_block":2,"stat.craftItem.minecraft.dye":73,"stat.drop.statues.blockplayerstatue":2,"stat.craftItem.minecraft.clay":24,"stat.mineBlock.minecraft.tallgrass":171,"stat.diveOneCm":10654,"stat.useItem.sky_orchards.sapling_sand":1,"stat.drop.sky_orchards.sapling_clay":1,"stat.pickup.tconstruct.seared":2,"stat.chestOpened":423,"stat.useItem.inspirations.stone_crook":1226,"stat.pickup.sky_orchards.acorn_cottonwood":5,"stat.pickup.tconstruct.casting":21,"stat.mineBlock.sky_orchards.leaves_bone":120,"stat.drop.minecraft.wooden_pickaxe":2,"stat.useItem.minecraft.glass_bottle":1,"stat.pickup.minecraft.stone_axe":1,"stat.pickup.sky_orchards.acorn_petrified":232,"stat.pickup.morecauldrons.cobble_cauldron":3,"stat.pickup.minecraft.obsidian":1,"stat.mineBlock.sky_orchards.leaves_iron":385,"stat.useItem.inspirations.wooden_crook":2724,"stat.pickup.sky_orchards.resin_sand":246,"stat.craftItem.sky_orchards.sapling_coal":1,"stat.craftItem.minecraft.coal":11,"stat.pickup.sky_orchards.resin_clay":175,"stat.useItem.minecraft.rotten_flesh":1,"stat.useItem.sky_orchards.sapling_gravel":3,"stat.jump":1742,"stat.pickup.sky_orchards.resin_gold":29,"stat.craftItem.tconstruct.rack":8,"stat.fallOneCm":859061,"stat.pickup.sky_orchards.leaves_bone":18,"stat.useItem.minecraft.stone_axe":92,"stat.pickup.minecraft.melon_seeds":1,"stat.mineBlock.sky_orchards.amber_gold":1,"stat.crouchOneCm":62537,"stat.drop.sky_orchards.leaves_sand":3,"stat.mineBlock.sky_orchards.log_sand":16,"stat.craftItem.minecraft.torch":4,"stat.craftItem.minecraft.chest":4,"stat.craftItem.minecraft.iron_ingot":11,"stat.pickup.minecraft.dirt":11,"stat.pickup.bonsaitrees.bonsaipot":1,"stat.pickup.sky_orchards.resin_lapis":29,"stat.craftingTableInteraction":228,"stat.craftItem.sky_orchards.sapling_lapis":1,"stat.craftItem.astralsorcery.blockblackmarble":8,"stat.mineBlock.sky_orchards.leaves_sand":165,"stat.drop.ceramics.unfired_clay":43,"stat.pickup.sky_orchards.resin_bone":80,"stat.pickup.sky_orchards.sapling_sand":32,"stat.pickup.sky_orchards.leaves_cottonwood":3,"stat.useItem.minecraft.sapling":1,"stat.pickup.minecraft.leaves":2,"stat.craftItem.tconstruct.pattern":17,"stat.mineBlock.sky_orchards.log_lapis":18,"stat.damageTaken":4167,"stat.drop.sky_orchards.leaves_clay":1,"stat.drop.minecraft.bone":4,"stat.mineBlock.minecraft.torch":1,"stat.mineBlock.minecraft.red_flower":7,"stat.useItem.minecraft.wooden_pickaxe":22,"stat.useItem.minecraft.furnace":1,"stat.craftItem.tconstruct.materials":160,"stat.mineBlock.minecraft.sapling":5,"stat.pickup.minecraft.dye":30,"stat.pickup.minecraft.planks":13,"stat.craftItem.sky_orchards.amber_lead":3,"stat.pickup.sky_orchards.resin_iron":44,"stat.pickup.sky_orchards.sapling_gold":35,"stat.pickup.rustic.fertile_soil":2,"stat.pickup.minecraft.wheat_seeds":2,"stat.mineBlock.sky_orchards.sapling_petrified":1,"stat.useItem.minecraft.stone_pickaxe":143,"stat.craftItem.tconstruct.seared_tank":1,"stat.pickup.sky_orchards.sapling_clay":43,"stat.pickup.statues.blockplayerstatue":2,"stat.damageDealt":1166,"stat.craftItem.minecraft.glass":4,"stat.mineBlock.sky_orchards.log_bone":16,"stat.craftItem.minecraft.bowl":4,"stat.mineBlock.sky_orchards.log_iron":32,"stat.drop.sky_orchards.acorn_iron":3,"stat.mineBlock.minecraft.dirt":9,"stat.pickup.sky_orchards.acorn_iron":32,"stat.craftItem.minecraft.gravel":42,"stat.craftItem.sky_orchards.amber_tin":2,"stat.pickup.sky_orchards.acorn_bone":61,"stat.drop.minecraft.stick":1,"stat.mineBlock.sky_orchards.leaves_lapis":203,"stat.walkOneCm":604267,"stat.pickup.ceramics.clay_bucket":4,"stat.pickup.tconstruct.pattern":1,"stat.useItem.minecraft.torch":3,"stat.useItem.morecauldrons.oak_cauldron":8,"stat.playerKills":5,"stat.craftItem.tconstruct.smeltery_io":1,"stat.useItem.minecraft.chest":2,"stat.pickup.sky_orchards.sapling_iron":59,"stat.mineBlock.sky_orchards.sapling_dirt":1,"stat.pickup.sky_orchards.leaves_clay":86,"stat.pickup.inspirations.carrot_seeds":3,"stat.pickup.minecraft.stick":312,"stat.pickup.sky_orchards.sapling_bone":20,"stat.useItem.minecraft.log":13,"stat.craftItem.chiselsandbits.chisel_iron":1,"stat.pickup.minecraft.clay_ball":13,"stat.pickup.sky_orchards.acorn_gold":18,"stat.useItem.minecraft.cobblestone":109,"stat.craftItem.inspirations.wooden_crook":63,"stat.craftItem.minecraft.crafting_table":2,"stat.pickup.sky_orchards.acorn_clay":228,"stat.pickup.sky_orchards.leaves_sand":91,"stat.pickup.tconstruct.pickaxe":1,"stat.craftItem.ceramics.clay_bucket":6,"stat.useItem.minecraft.lava_bucket":2,"stat.drop.chiselsandbits.chiseled_grass":1,"stat.craftItem.morecauldrons.oak_cauldron":10,"stat.pickup.minecraft.log":1169,"stat.drop.minecraft.iron_block":3,"stat.useItem.sky_orchards.acorn_iron":1,"stat.mineBlock.sky_orchards.log_gravel":32,"stat.useItem.sky_orchards.sapling_lead":1,"stat.drop.inspirations.wooden_crook":5,"stat.pickup.sky_orchards.resin_gravel":179,"stat.pickup.astralsorcery.blockaltar":4,"stat.craftItem.rustic.crushing_tub":2,"stat.pickup.sky_orchards.acorn_gravel":241,"stat.useItem.tconstruct.pickaxe":52,"stat.useItem.sky_orchards.acorn_bone":5,"stat.mineBlock.sky_orchards.leaves_lead":99,"stat.pickup.sky_orchards.acorn_sand":275,"stat.drop.minecraft.sapling":1,"stat.craftItem.chisel.chisel_iron":1,"stat.pickup.minecraft.sapling":6,"stat.craftItem.astralsorcery.blockaltar":1,"stat.pickup.sky_orchards.sapling_gravel":28,"stat.mineBlock.minecraft.iron_block":2,"stat.craftItem.tconstruct.smeltery_controller":1,"stat.craftItem.minecraft.bucket":1,"stat.useItem.sky_orchards.acorn_clay":12,"stat.craftItem.minecraft.planks":920,"stat.useItem.sky_orchards.amber_gold":1,"stat.craftItem.minecraft.dirt":7,"stat.pickup.morecauldrons.oak_cauldron":8,"stat.mineBlock.tcomplement.porcelain_casting":2,"stat.mobKills":3,"stat.mineBlock.minecraft.log":12,"stat.mineBlock.sky_orchards.log_clay":23,"stat.mineBlock.sky_orchards.log_gold":21,"stat.pickup.rustic.sapling_apple":2,"stat.pickup.sky_orchards.acorn_lapis":23,"stat.pickup.minecraft.beetroot_seeds":4,"stat.mineBlock.rustic.crushing_tub":1,"stat.pickup.minecraft.torch":1,"stat.useItem.sky_orchards.acorn_sand":58,"stat.useItem.sky_orchards.sapling_coal":7,"stat.mineBlock.tconstruct.seared":2,"stat.pickup.minecraft.red_flower":7,"stat.sneakTime":21841,"stat.mineBlock.sky_orchards.log_cottonwood":5,"stat.mineBlock.tconstruct.casting":21,"stat.pickup.astralsorcery.blockmarble":2,"stat.craftItem.minecraft.coal_block":1,"stat.drop.minecraft.bucket":1,"stat.drop.minecraft.stone_axe":1,"stat.mineBlock.tp.cobblegen_block":1,"stat.craftItem.tcomplement.materials":1,"stat.useItem.minecraft.wooden_axe":267,"stat.craftItem.minecraft.brick":3,"stat.pickup.minecraft.yellow_flower":13,"stat.craftItem.minecraft.cobblestone":35,"stat.drop.minecraft.grass":8,"stat.useItem.sky_orchards.sapling_dirt":12,"stat.mineBlock.sky_orchards.log_petrified":172,"stat.drop.minecraft.wooden_axe":1,"stat.useItem.tconstruct.hatchet":234}