{"stat.pickup.minecraft.bone":7,"stat.mineBlock.tcomplement.porcelain_tank":1,"stat.craftItem.ceramics.unfired_clay":128,"stat.leaveGame":1,"stat.mineBlock.minecraft.cobblestone":77,"stat.mineBlock.sky_orchards.leaves_gravel":177,"stat.pickup.minecraft.flint":7,"stat.killEntity.Human":2,"stat.craftItem.minecraft.bone":12,"stat.pickup.bdsandm.wood_crate":8,"stat.pickup.sky_orchards.resin_dirt":160,"stat.pickup.minecraft.flower_pot":1,"stat.pickup.pickletweaks.coal_piece":1,"stat.craftItem.sky_orchards.amber_bone":4,"stat.craftItem.sky_orchards.amber_iron":47,"stat.craftItem.inspirations.bone_crook":1,"stat.swimOneCm":245,"stat.pickup.sky_orchards.resin_lead":24,"stat.useItem.minecraft.planks":423,"stat.mineBlock.sky_orchards.leaves_tin":166,"stat.useItem.rustic.crushing_tub":3,"stat.mineBlock.morecauldrons.oak_cauldron":2,"stat.mineBlock.sky_orchards.log_dirt":54,"stat.useItem.sky_orchards.sapling_bone":3,"stat.useItem.minecraft.dirt":13,"stat.useItem.minecraft.stone_slab2":72,"stat.pickup.sky_orchards.resin_cottonwood":13,"stat.drop.sky_orchards.sapling_petrified":1,"stat.craftItem.sky_orchards.amber_clay":3,"stat.craftItem.minecraft.furnace":1,"stat.pickup.sky_orchards.sapling_dirt":64,"stat.craftItem.minecraft.bone_block":6,"stat.craftItem.minecraft.stone_axe":29,"stat.craftItem.extendedcrafting.handheld_table":1,"stat.craftItem.sky_orchards.sapling_bone":1,"stat.pickup.minecraft.bucket":1,"stat.craftItem.minecraft.stone_pickaxe":1,"stat.mineBlock.sky_orchards.leaves_dirt":393,"stat.pickup.minecraft.cobblestone":47,"stat.mineBlock.sky_orchards.amber_dirt":2,"stat.flyOneCm":374053,"stat.craftItem.minecraft.glass_bottle":3,"stat.pickup.sky_orchards.sapling_lead":23,"stat.pickup.sky_orchards.resin_coal":1,"stat.craftItem.minecraft.wooden_slab":18,"stat.pickup.sky_orchards.resin_petrified":106,"stat.useItem.thermaldynamics.duct_32":32,"stat.pickup.sky_orchards.sapling_petrified":66,"stat.mineBlock.morecauldrons.cobble_cauldron":2,"stat.timeSinceDeath":17992,"stat.craftItem.minecraft.wooden_pickaxe":4,"stat.pickup.minecraft.wooden_axe":1,"stat.furnaceInteraction":174,"stat.craftItem.tcomplement.porcelain_tank":2,"stat.useItem.sky_orchards.sapling_clay":1,"stat.pickup.xlfoodmod.lettuce_seeds":1,"stat.pickup.sky_orchards.acorn_lead":13,"stat.killEntity.Creeper":2,"stat.useItem.xlfoodmod.coffee":1,"stat.useItem.tp.toasted_bread":1,"stat.craftItem.thermalfoundation.material":18,"stat.pickup.minecraft.string":2,"stat.pickup.sky_orchards.acorn_coal":6,"stat.mineBlock.sky_orchards.leaves_clay":103,"stat.craftItem.tcomplement.porcelain_casting":2,"stat.pickup.sky_orchards.sapling_cottonwood":6,"stat.craftItem.minecraft.stone_slab2":0,"stat.useItem.sky_orchards.sapling_petrified":8,"stat.craftItem.thermaldynamics.duct_32":30,"stat.pickup.thermaldynamics.duct_32":8,"stat.pickup.sky_orchards.acorn_dirt":134,"stat.sprintOneCm":282524,"stat.pickup.sky_orchards.sapling_coal":7,"stat.craftItem.minecraft.stick":144,"stat.craftItem.minecraft.wooden_axe":5,"stat.pickup.ceramics.unfired_clay":43,"stat.useItem.carryon.tile_item":1,"stat.mineBlock.sky_orchards.leaves_petrified":390,"stat.pickup.minecraft.grass":16,"stat.craftItem.minecraft.sand":9,"stat.pickup.sky_orchards.leaves_gravel":18,"stat.mineBlock.sky_orchards.log_tin":15,"stat.pickup.inspirations.wooden_crook":1,"stat.pickup.sky_orchards.leaves_coal":1,"stat.craftItem.minecraft.clay_ball":152,"stat.craftItem.morecauldrons.cobble_cauldron":1,"stat.useItem.minecraft.dye":11,"stat.mineBlock.sky_orchards.log_lead":15,"stat.pickup.xlfoodmod.coffee_cup":1,"stat.deaths":15,"stat.mineBlock.minecraft.planks":32,"stat.pickup.minecraft.bowl":4,"stat.drop":2,"stat.pickup.sky_orchards.leaves_dirt":10,"stat.playOneMinute":340636,"stat.pickup.tconstruct.rack":8,"stat.mineBlock.rustic.leaves_apple":52,"stat.useItem.sky_orchards.acorn_dirt":26,"stat.pickup.sky_orchards.sapling_lapis":2,"stat.pickup.sky_orchards.leaves_lead":3,"stat.mineBlock.bonsaitrees.bonsaipot":22,"stat.pickup.minecraft.iron_block":3,"stat.killEntity.Zombie":2,"stat.craftItem.minecraft.dye":78,"stat.craftItem.minecraft.clay":35,"stat.chestOpened":396,"stat.pickup.sky_orchards.acorn_cottonwood":23,"stat.mineBlock.sky_orchards.leaves_bone":220,"stat.craftItem.tp.cobblegen_block":1,"stat.useItem.sky_orchards.acorn_cottonwood":2,"stat.pickup.sky_orchards.acorn_petrified":60,"stat.pickup.morecauldrons.cobble_cauldron":2,"stat.useItem.bonsaitrees.bonsaipot":13,"stat.mineBlock.sky_orchards.leaves_iron":45,"stat.useItem.inspirations.wooden_crook":404,"stat.pickup.sky_orchards.resin_sand":106,"stat.pickup.sky_orchards.resin_clay":231,"stat.pickup.sky_orchards.leaves_iron":143,"stat.useItem.sky_orchards.sapling_gravel":4,"stat.jump":1904,"stat.pickup.sky_orchards.acorn_tin":45,"stat.fallOneCm":825041,"stat.pickup.sky_orchards.leaves_bone":9,"stat.craftItem.bonsaitrees.bonsaipot":37,"stat.useItem.minecraft.stone_axe":1074,"stat.pickup.minecraft.gunpowder":2,"stat.crouchOneCm":36905,"stat.mineBlock.minecraft.chest":7,"stat.craftItem.minecraft.chest":187,"stat.craftItem.minecraft.iron_ingot":63,"stat.pickup.minecraft.dirt":29,"stat.useItem.sky_orchards.sapling_tin":2,"stat.pickup.bonsaitrees.bonsaipot":22,"stat.pickup.sky_orchards.resin_lapis":10,"stat.craftItem.minecraft.hopper":12,"stat.craftingTableInteraction":257,"stat.pickup.sky_orchards.resin_bone":55,"stat.pickup.tcomplement.porcelain_tank":1,"stat.pickup.sky_orchards.sapling_sand":15,"stat.pickup.sky_orchards.leaves_cottonwood":7,"stat.useItem.minecraft.sapling":1,"stat.mineBlock.tconstruct.rack":8,"stat.pickup.minecraft.leaves":5,"stat.pickup.sky_orchards.sapling_tin":15,"stat.mineBlock.thermaldynamics.duct_32":8,"stat.pickup.minecraft.wooden_pickaxe":1,"stat.pickup.sky_orchards.resin_tin":30,"stat.damageTaken":4825,"stat.craftItem.minecraft.wooden_button":52,"stat.mineBlock.bdsandm.wood_crate":8,"stat.mineBlock.minecraft.torch":3,"stat.useItem.minecraft.wooden_pickaxe":76,"stat.pickup.minecraft.dye":12,"stat.pickup.minecraft.planks":38,"stat.craftItem.sky_orchards.amber_lead":7,"stat.pickup.sky_orchards.resin_iron":177,"stat.pickup.rustic.fertile_soil":18,"stat.craftItem.sky_orchards.amber_dirt":2,"stat.pickup.sky_orchards.amber_dirt":2,"stat.mineBlock.sky_orchards.sapling_petrified":1,"stat.useItem.minecraft.stone_pickaxe":23,"stat.pickup.sky_orchards.sapling_clay":29,"stat.mineBlock.minecraft.glass":1,"stat.pickup.statues.blockplayerstatue":1,"stat.useItem.bdsandm.wood_crate":50,"stat.damageDealt":2074,"stat.mineBlock.sky_orchards.log_bone":16,"stat.craftItem.minecraft.glass":9,"stat.mineBlock.sky_orchards.log_iron":5,"stat.mineBlock.minecraft.dirt":35,"stat.pickup.sky_orchards.acorn_iron":293,"stat.craftItem.sky_orchards.acorn_bone":2,"stat.craftItem.sky_orchards.amber_tin":11,"stat.pickup.sky_orchards.acorn_bone":92,"stat.walkOneCm":696644,"stat.craftItem.sky_orchards.amber_petrified":2,"stat.useItem.minecraft.torch":1,"stat.useItem.minecraft.chest":17,"stat.pickup.sky_orchards.sapling_iron":33,"stat.mineBlock.sky_orchards.sapling_dirt":1,"stat.pickup.sky_orchards.leaves_clay":76,"stat.pickup.minecraft.stick":431,"stat.pickup.advancementbook.advancement_book":2,"stat.pickup.sky_orchards.sapling_bone":24,"stat.useItem.minecraft.log":3,"stat.pickup.minecraft.clay_ball":22,"stat.craftItem.inspirations.wooden_crook":10,"stat.craftItem.minecraft.crafting_table":2,"stat.pickup.sky_orchards.acorn_clay":273,"stat.pickup.rustic.apple_seeds":1,"stat.pickup.sky_orchards.leaves_sand":49,"stat.craftItem.ceramics.clay_bucket":4,"stat.craftItem.morecauldrons.oak_cauldron":1,"stat.pickup.minecraft.log":1256,"stat.craftItem.tcomplement.porcelain_melter":1,"stat.craftItem.ceramics.faucet":2,"stat.mineBlock.sky_orchards.log_gravel":9,"stat.useItem.sky_orchards.sapling_lead":2,"stat.pickup.sky_orchards.resin_gravel":70,"stat.craftItem.rustic.crushing_tub":5,"stat.pickup.sky_orchards.acorn_gravel":78,"stat.mineBlock.sky_orchards.leaves_lead":155,"stat.pickup.sky_orchards.acorn_sand":165,"stat.pickup.minecraft.sapling":9,"stat.pickup.sky_orchards.sapling_gravel":29,"stat.pickup.minecraft.apple":1,"stat.mineBlock.sky_orchards.sapling_gravel":2,"stat.useItem.sky_orchards.acorn_clay":39,"stat.craftItem.bdsandm.wood_crate":54,"stat.craftItem.minecraft.planks":2985,"stat.killEntity.rogue_android":1,"stat.craftItem.minecraft.dirt":18,"stat.pickup.morecauldrons.oak_cauldron":1,"stat.craftItem.rustic.fertile_soil":24,"stat.mobKills":6,"stat.mineBlock.minecraft.log":18,"stat.mineBlock.sky_orchards.log_clay":9,"stat.craftItem.minecraft.flower_pot":1,"stat.useItem.inspirations.bone_crook":453,"stat.pickup.sky_orchards.acorn_lapis":2,"stat.mineBlock.minecraft.leaves":107,"stat.craftItem.minecraft.paper":1,"stat.pickup.minecraft.torch":6,"stat.useItem.sky_orchards.acorn_sand":16,"stat.pickup.sky_orchards.leaves_tin":10,"stat.sneakTime":12354,"stat.drop.minecraft.bucket":1,"stat.useItem.minecraft.wooden_axe":58,"stat.craftItem.minecraft.brick":137,"stat.craftItem.minecraft.cobblestone":8,"stat.useItem.sky_orchards.sapling_dirt":9,"stat.mineBlock.sky_orchards.log_petrified":51,"stat.pickup.minecraft.chest":6}