{"stat.chestOpened":130,"stat.useItem.inspirations.stone_crook":166,"stat.pickup.sky_orchards.acorn_cottonwood":4,"stat.mineBlock.sky_orchards.log_coal":13,"stat.craftItem.sky_orchards.sapling_cottonwood":1,"stat.craftItem.sky_orchards.sapling_sand":1,"stat.drop.sky_orchards.resin_dirt":6,"stat.craftItem.ceramics.unfired_clay":4,"stat.drop.minecraft.wooden_pickaxe":2,"stat.leaveGame":2,"stat.mineBlock.minecraft.cobblestone":135,"stat.mineBlock.sky_orchards.leaves_gravel":194,"stat.pickup.minecraft.flint":21,"stat.pickup.minecraft.stone_axe":1,"stat.pickup.sky_orchards.acorn_petrified":148,"stat.pickup.sky_orchards.resin_dirt":108,"stat.useItem.inspirations.wooden_crook":2724,"stat.pickup.pickletweaks.coal_piece":8,"stat.pickup.sky_orchards.resin_sand":123,"stat.craftItem.sky_orchards.sapling_coal":1,"stat.craftItem.minecraft.coal":1,"stat.pickup.sky_orchards.resin_clay":97,"stat.craftItem.sky_orchards.amber_iron":5,"stat.jump":534,"stat.useItem.sky_orchards.sapling_gravel":3,"stat.swimOneCm":1359,"stat.craftItem.tconstruct.rack":8,"stat.pickup.rustic.crushing_tub":1,"stat.fallOneCm":606340,"stat.useItem.minecraft.planks":96,"stat.craftItem.sky_orchards.sapling_petrified":1,"stat.pickup.sky_orchards.leaves_bone":15,"stat.useItem.minecraft.stone_axe":21,"stat.mineBlock.morecauldrons.oak_cauldron":4,"stat.crouchOneCm":42432,"stat.drop.sky_orchards.leaves_sand":3,"stat.mineBlock.sky_orchards.log_dirt":60,"stat.craftItem.inspirations.stone_crook":1,"stat.mineBlock.sky_orchards.log_sand":16,"stat.craftItem.minecraft.torch":4,"stat.useItem.minecraft.dirt":3,"stat.pickup.minecraft.dirt":3,"stat.useItem.minecraft.stone_slab2":58,"stat.pickup.bonsaitrees.bonsaipot":1,"stat.pickup.sky_orchards.resin_cottonwood":13,"stat.craftingTableInteraction":137,"stat.craftItem.minecraft.furnace":3,"stat.mineBlock.sky_orchards.leaves_sand":165,"stat.pickup.sky_orchards.resin_bone":29,"stat.pickup.sky_orchards.sapling_sand":29,"stat.pickup.sky_orchards.leaves_cottonwood":2,"stat.craftItem.sky_orchards.sapling_gravel":2,"stat.pickup.sky_orchards.sapling_dirt":166,"stat.pickup.minecraft.leaves":2,"stat.craftItem.minecraft.stone_axe":4,"stat.damageTaken":2739,"stat.drop.minecraft.bone":4,"stat.craftItem.minecraft.stone_pickaxe":1,"stat.useItem.minecraft.wooden_pickaxe":22,"stat.useItem.minecraft.furnace":1,"stat.mineBlock.sky_orchards.leaves_dirt":701,"stat.craftItem.tconstruct.materials":76,"stat.mineBlock.minecraft.sapling":1,"stat.pickup.minecraft.cobblestone":113,"stat.pickup.minecraft.dye":13,"stat.pickup.minecraft.planks":2,"stat.drop.rustic.fertile_soil":1,"stat.flyOneCm":46753,"stat.pickup.rustic.fertile_soil":2,"stat.mineBlock.sky_orchards.leaves_coal":166,"stat.mineBlock.sky_orchards.sapling_petrified":1,"stat.pickup.sky_orchards.resin_coal":33,"stat.useItem.minecraft.stone_pickaxe":114,"stat.craftItem.minecraft.wooden_slab":30,"stat.pickup.sky_orchards.resin_petrified":177,"stat.pickup.sky_orchards.sapling_clay":39,"stat.pickup.statues.blockplayerstatue":2,"stat.damageDealt":467,"stat.craftItem.minecraft.glass":3,"stat.pickup.sky_orchards.sapling_petrified":193,"stat.craftItem.minecraft.bowl":4,"stat.timeSinceDeath":56536,"stat.mineBlock.sky_orchards.leaves_cottonwood":52,"stat.mineBlock.minecraft.dirt":3,"stat.craftItem.minecraft.gravel":26,"stat.craftItem.minecraft.wooden_pickaxe":2,"stat.pickup.sky_orchards.acorn_bone":42,"stat.drop.minecraft.stick":1,"stat.walkOneCm":300903,"stat.pickup.ceramics.clay_bucket":3,"stat.useItem.minecraft.torch":3,"stat.useItem.morecauldrons.oak_cauldron":8,"stat.playerKills":4,"stat.mineBlock.sky_orchards.sapling_dirt":1,"stat.pickup.sky_orchards.leaves_clay":56,"stat.pickup.minecraft.stick":153,"stat.pickup.sky_orchards.sapling_bone":12,"stat.useItem.minecraft.log":10,"stat.craftItem.tconstruct.seared":17,"stat.pickup.minecraft.clay_ball":11,"stat.useItem.minecraft.cobblestone":86,"stat.pickup.tconstruct.soil":6,"stat.craftItem.inspirations.wooden_crook":63,"stat.furnaceInteraction":79,"stat.pickup.sky_orchards.acorn_clay":121,"stat.pickup.sky_orchards.leaves_sand":46,"stat.useItem.tconstruct.rack":4,"stat.useItem.sky_orchards.sapling_clay":3,"stat.craftItem.ceramics.clay_bucket":4,"stat.craftItem.morecauldrons.oak_cauldron":10,"stat.useItem.xlfoodmod.coffee":1,"stat.useItem.tp.toasted_bread":1,"stat.craftItem.tconstruct.soil":84,"stat.pickup.minecraft.log":636,"stat.pickup.minecraft.string":2,"stat.mineBlock.sky_orchards.log_gravel":32,"stat.drop.inspirations.wooden_crook":5,"stat.pickup.sky_orchards.resin_gravel":101,"stat.pickup.sky_orchards.acorn_coal":44,"stat.craftItem.rustic.crushing_tub":2,"stat.pickup.sky_orchards.acorn_gravel":141,"stat.useItem.sky_orchards.acorn_bone":2,"stat.mineBlock.sky_orchards.leaves_clay":277,"stat.craftItem.minecraft.stone_slab2":0,"stat.pickup.sky_orchards.sapling_cottonwood":2,"stat.pickup.sky_orchards.acorn_sand":140,"stat.craftItem.tconstruct.stone_stick":4,"stat.drop.sky_orchards.acorn_dirt":2,"stat.useItem.sky_orchards.sapling_petrified":29,"stat.pickup.minecraft.sapling":1,"stat.pickup.sky_orchards.acorn_dirt":137,"stat.sprintOneCm":78271,"stat.pickup.sky_orchards.sapling_gravel":23,"stat.pickup.sky_orchards.sapling_coal":28,"stat.craftItem.minecraft.stick":368,"stat.craftItem.minecraft.wooden_axe":13,"stat.pickup.ceramics.unfired_clay":3,"stat.craftItem.tconstruct.smeltery_controller":1,"stat.mineBlock.sky_orchards.leaves_petrified":1396,"stat.craftItem.minecraft.planks":292,"stat.craftItem.minecraft.sand":24,"stat.pickup.minecraft.grass":1,"stat.craftItem.minecraft.dirt":6,"stat.pickup.morecauldrons.oak_cauldron":5,"stat.pickup.sky_orchards.leaves_gravel":37,"stat.pickup.sky_orchards.leaves_coal":4,"stat.craftItem.minecraft.clay_ball":44,"stat.mineBlock.minecraft.log":9,"stat.drop.morecauldrons.oak_cauldron":1,"stat.mineBlock.sky_orchards.log_clay":23,"stat.pickup.xlfoodmod.coffee_cup":2,"stat.deaths":8,"stat.mineBlock.minecraft.planks":3,"stat.drop":24,"stat.mineBlock.rustic.crushing_tub":1,"stat.pickup.sky_orchards.leaves_dirt":9,"stat.playOneMinute":159298,"stat.pickup.tconstruct.rack":8,"stat.craftItem.sky_orchards.sapling_clay":4,"stat.useItem.sky_orchards.sapling_coal":2,"stat.mineBlock.tconstruct.seared":1,"stat.useItem.tconstruct.seared":11,"stat.sneakTime":14885,"stat.mineBlock.sky_orchards.log_cottonwood":5,"stat.useItem.sky_orchards.acorn_dirt":18,"stat.useItem.minecraft.wooden_axe":267,"stat.craftItem.minecraft.brick":3,"stat.drop.statues.blockplayerstatue":2,"stat.craftItem.minecraft.clay":11,"stat.craftItem.minecraft.cobblestone":35,"stat.drop.minecraft.grass":8,"stat.useItem.sky_orchards.sapling_dirt":12,"stat.mineBlock.sky_orchards.log_petrified":126,"stat.diveOneCm":10654,"stat.drop.minecraft.wooden_axe":1,"stat.useItem.sky_orchards.sapling_sand":1,"stat.drop.sky_orchards.sapling_clay":1,"stat.pickup.tconstruct.seared":1}