{"stat.chestOpened":191,"stat.pickup.sky_orchards.acorn_cottonwood":18,"stat.pickup.minecraft.bone":4,"stat.craftItem.ceramics.unfired_clay":1,"stat.mineBlock.sky_orchards.leaves_bone":189,"stat.leaveGame":1,"stat.mineBlock.minecraft.cobblestone":12,"stat.mineBlock.sky_orchards.leaves_gravel":177,"stat.pickup.minecraft.flint":7,"stat.useItem.sky_orchards.acorn_cottonwood":2,"stat.pickup.sky_orchards.acorn_petrified":60,"stat.craftItem.minecraft.bone":12,"stat.useItem.bonsaitrees.bonsaipot":6,"stat.pickup.sky_orchards.resin_dirt":157,"stat.useItem.inspirations.wooden_crook":404,"stat.pickup.sky_orchards.resin_sand":29,"stat.pickup.sky_orchards.resin_clay":178,"stat.craftItem.sky_orchards.amber_bone":4,"stat.craftItem.inspirations.bone_crook":1,"stat.jump":534,"stat.useItem.sky_orchards.sapling_gravel":4,"stat.swimOneCm":245,"stat.fallOneCm":570140,"stat.useItem.minecraft.planks":264,"stat.pickup.sky_orchards.leaves_bone":9,"stat.useItem.rustic.crushing_tub":3,"stat.craftItem.bonsaitrees.bonsaipot":23,"stat.useItem.minecraft.stone_axe":384,"stat.pickup.minecraft.gunpowder":2,"stat.mineBlock.morecauldrons.oak_cauldron":1,"stat.crouchOneCm":21987,"stat.mineBlock.sky_orchards.log_dirt":54,"stat.mineBlock.minecraft.chest":1,"stat.craftItem.minecraft.chest":15,"stat.useItem.sky_orchards.sapling_bone":3,"stat.pickup.minecraft.dirt":17,"stat.useItem.minecraft.dirt":13,"stat.useItem.minecraft.stone_slab2":37,"stat.pickup.bonsaitrees.bonsaipot":1,"stat.pickup.sky_orchards.resin_cottonwood":10,"stat.craftingTableInteraction":149,"stat.drop.sky_orchards.sapling_petrified":1,"stat.craftItem.sky_orchards.amber_clay":3,"stat.pickup.sky_orchards.resin_bone":55,"stat.pickup.sky_orchards.sapling_sand":5,"stat.pickup.sky_orchards.leaves_cottonwood":5,"stat.mineBlock.tconstruct.rack":8,"stat.pickup.sky_orchards.sapling_dirt":64,"stat.pickup.minecraft.leaves":2,"stat.craftItem.minecraft.bone_block":1,"stat.craftItem.minecraft.stone_axe":11,"stat.craftItem.extendedcrafting.handheld_table":1,"stat.craftItem.sky_orchards.sapling_bone":1,"stat.pickup.minecraft.wooden_pickaxe":1,"stat.damageTaken":3309,"stat.craftItem.minecraft.wooden_button":52,"stat.mineBlock.minecraft.torch":1,"stat.useItem.minecraft.wooden_pickaxe":14,"stat.mineBlock.sky_orchards.leaves_dirt":393,"stat.pickup.minecraft.cobblestone":9,"stat.pickup.minecraft.dye":12,"stat.mineBlock.sky_orchards.amber_dirt":2,"stat.pickup.minecraft.planks":13,"stat.flyOneCm":87014,"stat.pickup.rustic.fertile_soil":1,"stat.craftItem.sky_orchards.amber_dirt":2,"stat.pickup.sky_orchards.amber_dirt":2,"stat.mineBlock.sky_orchards.sapling_petrified":1,"stat.craftItem.minecraft.wooden_slab":18,"stat.pickup.sky_orchards.resin_petrified":106,"stat.pickup.sky_orchards.sapling_clay":28,"stat.pickup.statues.blockplayerstatue":1,"stat.damageDealt":1116,"stat.mineBlock.sky_orchards.log_bone":16,"stat.pickup.sky_orchards.sapling_petrified":66,"stat.timeSinceDeath":17679,"stat.mineBlock.minecraft.dirt":20,"stat.craftItem.sky_orchards.acorn_bone":2,"stat.pickup.sky_orchards.acorn_bone":88,"stat.walkOneCm":330117,"stat.craftItem.sky_orchards.amber_petrified":2,"stat.useItem.minecraft.chest":12,"stat.mineBlock.sky_orchards.sapling_dirt":1,"stat.pickup.sky_orchards.leaves_clay":53,"stat.pickup.minecraft.stick":162,"stat.pickup.minecraft.wooden_axe":1,"stat.pickup.advancementbook.advancement_book":2,"stat.pickup.sky_orchards.sapling_bone":23,"stat.pickup.minecraft.clay_ball":1,"stat.craftItem.minecraft.crafting_table":2,"stat.craftItem.inspirations.wooden_crook":10,"stat.furnaceInteraction":51,"stat.pickup.sky_orchards.acorn_clay":202,"stat.pickup.sky_orchards.leaves_sand":13,"stat.useItem.sky_orchards.sapling_clay":1,"stat.craftItem.ceramics.clay_bucket":1,"stat.killEntity.Creeper":1,"stat.useItem.xlfoodmod.coffee":1,"stat.useItem.tp.toasted_bread":1,"stat.pickup.minecraft.log":519,"stat.pickup.minecraft.string":2,"stat.mineBlock.sky_orchards.log_gravel":9,"stat.pickup.sky_orchards.resin_gravel":58,"stat.craftItem.rustic.crushing_tub":5,"stat.pickup.sky_orchards.acorn_gravel":64,"stat.mineBlock.sky_orchards.leaves_clay":103,"stat.pickup.sky_orchards.sapling_cottonwood":5,"stat.craftItem.minecraft.stone_slab2":0,"stat.pickup.sky_orchards.acorn_sand":41,"stat.useItem.sky_orchards.sapling_petrified":8,"stat.pickup.sky_orchards.acorn_dirt":134,"stat.sprintOneCm":115380,"stat.pickup.sky_orchards.sapling_gravel":28,"stat.craftItem.minecraft.stick":144,"stat.craftItem.minecraft.wooden_axe":5,"stat.mineBlock.sky_orchards.sapling_gravel":2,"stat.mineBlock.sky_orchards.leaves_petrified":390,"stat.craftItem.minecraft.planks":948,"stat.pickup.minecraft.grass":16,"stat.killEntity.rogue_android":1,"stat.craftItem.minecraft.dirt":18,"stat.pickup.sky_orchards.leaves_gravel":12,"stat.pickup.inspirations.wooden_crook":1,"stat.craftItem.rustic.fertile_soil":23,"stat.mobKills":3,"stat.craftItem.minecraft.clay_ball":124,"stat.useItem.minecraft.dye":3,"stat.mineBlock.minecraft.log":1,"stat.mineBlock.sky_orchards.log_clay":9,"stat.pickup.xlfoodmod.coffee_cup":1,"stat.useItem.inspirations.bone_crook":453,"stat.deaths":10,"stat.mineBlock.minecraft.planks":6,"stat.pickup.minecraft.bowl":4,"stat.drop":1,"stat.pickup.sky_orchards.leaves_dirt":10,"stat.craftItem.minecraft.paper":1,"stat.playOneMinute":160636,"stat.pickup.tconstruct.rack":8,"stat.pickup.minecraft.torch":4,"stat.sneakTime":7699,"stat.useItem.sky_orchards.acorn_dirt":12,"stat.mineBlock.bonsaitrees.bonsaipot":1,"stat.killEntity.Zombie":1,"stat.craftItem.minecraft.dye":33,"stat.useItem.minecraft.wooden_axe":58,"stat.craftItem.minecraft.brick":115,"stat.craftItem.minecraft.clay":28,"stat.craftItem.minecraft.cobblestone":8,"stat.useItem.sky_orchards.sapling_dirt":9,"stat.mineBlock.sky_orchards.log_petrified":51,"stat.pickup.minecraft.chest":1}