{
  "tutorial:tutorial/oakwood": {
    "criteria": {
      "Obtain Oak Wood": "2025-05-02 04:22:16 +0000"
    },
    "done": false
  },
  "sf4:age_allthethingsomglol/complete": {
    "criteria": {
      "Completed Age of ALLTHETHINGSOMGLOL§r": "2025-05-02 04:01:28 +0000"
    },
    "done": false
  },
  "sf4:age_enhancement/root": {
    "criteria": {
      "inventoryChange": "2025-05-02 04:01:28 +0000"
    },
    "done": true
  },
  "sf4:age1/sapling/cottonwood": {
    "criteria": {
      "Completed Root": "2025-05-02 04:01:29 +0000"
    },
    "done": false
  },
  "tutorial:tutorial/oakplanks": {
    "criteria": {
      "Obtain Oak Wood Planks": "2025-05-02 04:25:30 +0000"
    },
    "done": false
  },
  "sf4:age_exploration/complete": {
    "criteria": {
      "Completed Age of Exploration§r": "2025-05-02 04:01:28 +0000"
    },
    "done": false
  },
  "sf4:age1/complete": {
    "criteria": {
      "Completed Root": "2025-05-02 04:01:29 +0000",
      "Completed SkyFactory 4§r": "2025-05-02 04:01:29 +0000",
      "Completed On the Rocks§r": "2025-05-02 04:14:02 +0000",
      "Completed COALateral Damage§r": "2025-05-02 04:15:10 +0000",
      "Completed Oh, the Irony§r": "2025-05-02 04:32:45 +0000",
      "Completed Sixteen Tons§r": "2025-05-02 04:28:32 +0000"
    },
    "done": false
  },
  "sf4:age1/sapling/dirt": {
    "criteria": {
      "Completed Root": "2025-05-02 04:01:29 +0000"
    },
    "done": false
  },
  "sf4:age1/sapling/bacon": {
    "criteria": {
      "Completed Root": "2025-05-02 04:01:29 +0000"
    },
    "done": false
  },
  "sf4:age1/resourcehogs": {
    "criteria": {
      "Completed Root": "2025-05-02 04:01:29 +0000"
    },
    "done": false
  },
  "sf4:age1/iron_ingot": {
    "criteria": {
      "Completed Root": "2025-05-02 04:01:29 +0000",
      "Obtain Iron Ingot": "2025-05-02 04:32:45 +0000"
    },
    "done": true
  },
  "sf4:age1/green_slimy_dirt": {
    "criteria": {
      "Completed Root": "2025-05-02 04:01:29 +0000"
    },
    "done": false
  },
  "sf4:age1/nonpacifist": {
    "criteria": {
      "superflat32": "2025-05-02 04:01:29 +0000",
      "Completed Root": "2025-05-02 04:01:29 +0000"
    },
    "done": true
  },
  "sf4:age1/iron_bucket": {
    "criteria": {
      "Completed Root": "2025-05-02 04:01:29 +0000"
    },
    "done": false
  },
  "sf4:age1/sapling/slime": {
    "criteria": {
      "Completed Root": "2025-05-02 04:01:29 +0000"
    },
    "done": false
  },
  "sf4:age1/amber/silver": {
    "criteria": {
      "Completed Root": "2025-05-02 04:01:29 +0000"
    },
    "done": false
  },
  "sf4:age1/string": {
    "criteria": {
      "Completed Root": "2025-05-02 04:01:29 +0000"
    },
    "done": false
  },
  "sf4:age1/amber/lead": {
    "criteria": {
      "Completed Root": "2025-05-02 04:01:29 +0000"
    },
    "done": false
  },
  "sf4:age_storage/complete_no_prestige": {
    "criteria": {
      "Prestige Mode Disabled": "2025-05-02 04:01:29 +0000",
      "Completed Age of Storage§r": "2025-05-02 04:01:28 +0000"
    },
    "done": false
  },
  "sf4:age1/sapling/petrified": {
    "criteria": {
      "Completed Root": "2025-05-02 04:01:29 +0000"
    },
    "done": false
  },
  "sf4:age1/sapling/redstone": {
    "criteria": {
      "Completed Root": "2025-05-02 04:01:29 +0000"
    },
    "done": false
  },
  "sf4:age1/amber/gold": {
    "criteria": {
      "Completed Root": "2025-05-02 04:01:29 +0000"
    },
    "done": false
  },
  "sf4:age1/sapling/tin": {
    "criteria": {
      "Completed Root": "2025-05-02 04:01:29 +0000"
    },
    "done": false
  },
  "sf4:age1/wooden_crook": {
    "criteria": {
      "Completed Root": "2025-05-02 04:01:29 +0000"
    },
    "done": false
  },
  "sf4:age_farming/skyorchards": {
    "criteria": {
      "Obtain Coal Sapling": "2025-05-02 04:28:32 +0000"
    },
    "done": false
  },
  "sf4:age_exploration/skygriddragonkill": {
    "criteria": {
      "Completed Age of Exploration§r": "2025-05-02 04:01:28 +0000"
    },
    "done": false
  },
  "sf4:age1/sapling/lapis": {
    "criteria": {
      "Completed Root": "2025-05-02 04:01:29 +0000"
    },
    "done": false
  },
  "pacifist:pacifist_run/root": {
    "criteria": {
      "hasRock": "2025-05-02 04:01:29 +0000"
    },
    "done": false
  },
  "sf4:age1/coal": {
    "criteria": {
      "Completed Root": "2025-05-02 04:01:29 +0000",
      "Obtain Coal": "2025-05-02 04:15:10 +0000"
    },
    "done": true
  },
  "sf4:age_storage/complete": {
    "criteria": {
      "Completed Age of Storage§r": "2025-05-02 04:01:28 +0000"
    },
    "done": false
  },
  "sf4:age_exploration/root": {
    "criteria": {
      "inventoryChange": "2025-05-02 04:01:28 +0000"
    },
    "done": true
  },
  "tutorial:tutorial/copied/coalsapling": {
    "criteria": {
      "Obtain Coal Sapling": "2025-05-02 04:28:32 +0000"
    },
    "done": false
  },
  "sf4:age1/slabs": {
    "criteria": {
      "Completed Root": "2025-05-02 04:01:29 +0000"
    },
    "done": false
  },
  "sf4:age_farming/wheatseeds": {
    "criteria": {
      "Obtain Wheat Seeds": "2025-05-02 04:42:10 +0000"
    },
    "done": true
  },
  "sf4:age_storage/root": {
    "criteria": {
      "inventoryChange": "2025-05-02 04:01:28 +0000"
    },
    "done": true
  },
  "sf4:age1/diamond": {
    "criteria": {
      "Completed Root": "2025-05-02 04:01:29 +0000"
    },
    "done": false
  },
  "sf4:age1/obsidian": {
    "criteria": {
      "Completed Root": "2025-05-02 04:01:29 +0000"
    },
    "done": false
  },
  "sf4:age1/lavasource": {
    "criteria": {
      "Completed SkyFactory 4§r": "2025-05-02 04:01:29 +0000",
      "Completed Root": "2025-05-02 04:01:29 +0000"
    },
    "done": false
  },
  "sf4:age1/sapling/sand": {
    "criteria": {
      "Completed Root": "2025-05-02 04:01:29 +0000"
    },
    "done": false
  },
  "sf4:age1/dirt": {
    "criteria": {
      "Completed Root": "2025-05-02 04:01:29 +0000"
    },
    "done": false
  },
  "sf4:age1/sapling/coal": {
    "criteria": {
      "Completed Root": "2025-05-02 04:01:29 +0000",
      "Obtain Coal Sapling": "2025-05-02 04:28:32 +0000"
    },
    "done": true
  },
  "hardcore:hardcore/forgivingvoid": {
    "criteria": {
      "Completed Age of Exploration§r": "2025-05-02 04:01:28 +0000"
    },
    "done": false
  },
  "sf4:age_enhancement/complete": {
    "criteria": {
      "Completed Age of Enhancement§r": "2025-05-02 04:01:28 +0000"
    },
    "done": false
  },
  "sf4:age_enhancement/completenoprestige": {
    "criteria": {
      "Prestige Mode Disabled": "2025-05-02 04:01:29 +0000",
      "Completed Age of Enhancement§r": "2025-05-02 04:01:28 +0000"
    },
    "done": false
  },
  "sf4:age1/completenoprestige": {
    "criteria": {
      "Prestige Mode Disabled": "2025-05-02 04:01:29 +0000",
      "Completed Root": "2025-05-02 04:01:29 +0000",
      "Completed SkyFactory 4§r": "2025-05-02 04:01:29 +0000",
      "Completed On the Rocks§r": "2025-05-02 04:14:02 +0000",
      "Completed COALateral Damage§r": "2025-05-02 04:15:10 +0000",
      "Completed Oh, the Irony§r": "2025-05-02 04:32:45 +0000",
      "Completed Sixteen Tons§r": "2025-05-02 04:28:32 +0000"
    },
    "done": false
  },
  "sf4:age1/sapling/iron": {
    "criteria": {
      "Completed Root": "2025-05-02 04:01:29 +0000"
    },
    "done": false
  },
  "sf4:age1/stone_crook": {
    "criteria": {
      "Completed Root": "2025-05-02 04:01:29 +0000"
    },
    "done": false
  },
  "sf4:age_farming/root": {
    "criteria": {
      "inventoryChange": "2025-05-02 04:01:28 +0000"
    },
    "done": true
  },
  "sf4:age_exploration/completenoprestige": {
    "criteria": {
      "Completed Age of Exploration§r": "2025-05-02 04:01:28 +0000",
      "Prestige Mode Disabled": "2025-05-02 04:01:29 +0000"
    },
    "done": false
  },
  "sf4:age_power/root": {
    "criteria": {
      "inventoryChange": "2025-05-02 04:01:28 +0000"
    },
    "done": true
  },
  "sf4:age1/sleep": {
    "criteria": {
      "Completed Root": "2025-05-02 04:01:29 +0000"
    },
    "done": false
  },
  "sf4:age1/sapling/bone": {
    "criteria": {
      "Completed Root": "2025-05-02 04:01:29 +0000"
    },
    "done": false
  },
  "pacifist:pacifist_run/peaceful": {
    "criteria": {
      "brokeLeaves": "2025-05-02 04:22:08 +0000",
      "brokeLog": "2025-05-02 04:22:12 +0000"
    },
    "done": false
  },
  "sf4:age1/sapling/lead": {
    "criteria": {
      "Completed Root": "2025-05-02 04:01:29 +0000"
    },
    "done": false
  },
  "sf4:age1/sapling/diamond": {
    "criteria": {
      "Completed Root": "2025-05-02 04:01:29 +0000"
    },
    "done": false
  },
  "sf4:age1/water": {
    "criteria": {
      "Completed Root": "2025-05-02 04:01:29 +0000"
    },
    "done": false
  },
  "sf4:age1/acorn/dirt_cooked": {
    "criteria": {
      "Completed Root": "2025-05-02 04:01:29 +0000"
    },
    "done": false
  },
  "sf4:age1/watersource": {
    "criteria": {
      "Completed SkyFactory 4§r": "2025-05-02 04:01:29 +0000",
      "Completed Root": "2025-05-02 04:01:29 +0000"
    },
    "done": false
  },
  "sf4:age1/twerk": {
    "criteria": {
      "Completed Root": "2025-05-02 04:01:29 +0000",
      "Obtain 8 Oak Logs": "2025-05-02 04:25:20 +0000"
    },
    "done": false
  },
  "sf4:age1/cauldron": {
    "criteria": {
      "Completed Root": "2025-05-02 04:01:29 +0000"
    },
    "done": false
  },
  "sf4:age1/cobblestone_generator": {
    "criteria": {
      "Completed Root": "2025-05-02 04:01:29 +0000"
    },
    "done": false
  },
  "tutorial:tutorial/copied/cobblestone": {
    "criteria": {
      "Obtain Cobblestone Block": "2025-05-02 04:14:02 +0000"
    },
    "done": false
  },
  "sf4:age1/sapling/gravel": {
    "criteria": {
      "Completed Root": "2025-05-02 04:01:29 +0000"
    },
    "done": false
  },
  "sf4:age_power/complete": {
    "criteria": {
      "Completed Age of Power§r": "2025-05-02 04:01:28 +0000"
    },
    "done": false
  },
  "sf4:age1/crushing_tub": {
    "criteria": {
      "Completed Root": "2025-05-02 04:01:29 +0000"
    },
    "done": false
  },
  "sf4:age1/prestige_notify": {
    "criteria": {
      "Completed Root": "2025-05-02 04:01:29 +0000"
    },
    "done": false
  },
  "hardcore:hardcore/survive": {
    "criteria": {
      "Get killed": "2025-05-02 04:42:34 +0000"
    },
    "done": false
  },
  "sf4:age1/clay_bucket": {
    "criteria": {
      "Completed Root": "2025-05-02 04:01:29 +0000"
    },
    "done": false
  },
  "sf4:age_farming/complete": {
    "criteria": {
      "Completed Shredded Wheat§r": "2025-05-02 04:42:10 +0000",
      "Completed Age of Farming§r": "2025-05-02 04:01:28 +0000"
    },
    "done": false
  },
  "sf4:age1/lava": {
    "criteria": {
      "Completed Root": "2025-05-02 04:01:29 +0000"
    },
    "done": false
  },
  "pacifist:pacifist_run/lose": {
    "criteria": {
      "killed poor innocent creature": "2025-05-02 04:26:10 +0000"
    },
    "done": false
  },
  "sf4:age1/amber/iron": {
    "criteria": {
      "Completed Root": "2025-05-02 04:01:29 +0000"
    },
    "done": false
  },
  "sf4:age1/root": {
    "criteria": {
      "non_tutorial_start": "2025-05-02 04:01:29 +0000"
    },
    "done": true
  },
  "sf4:age1/sapling/donut": {
    "criteria": {
      "Completed Root": "2025-05-02 04:01:29 +0000"
    },
    "done": false
  },
  "sf4:age1/sapling/silver": {
    "criteria": {
      "Completed Root": "2025-05-02 04:01:29 +0000"
    },
    "done": false
  },
  "sf4:age_power/completenoprestige": {
    "criteria": {
      "Prestige Mode Disabled": "2025-05-02 04:01:29 +0000",
      "Completed Age of Power§r": "2025-05-02 04:01:28 +0000"
    },
    "done": false
  },
  "sf4:age1/sapling/clay": {
    "criteria": {
      "Completed Root": "2025-05-02 04:01:29 +0000"
    },
    "done": false
  },
  "sf4:age1/cobblestone": {
    "criteria": {
      "Completed Root": "2025-05-02 04:01:29 +0000",
      "Obtain Cobblestone Block": "2025-05-02 04:14:02 +0000"
    },
    "done": true
  },
  "tutorial:tutorial/copied/ironingot": {
    "criteria": {
      "Obtain Iron Ingot": "2025-05-02 04:32:45 +0000"
    },
    "done": false
  },
  "sf4:age1/sapling/gold": {
    "criteria": {
      "Completed Root": "2025-05-02 04:01:29 +0000"
    },
    "done": false
  },
  "sf4:age1/drying_rack": {
    "criteria": {
      "Completed Root": "2025-05-02 04:01:29 +0000"
    },
    "done": false
  },
  "sf4:age_allthethingsomglol/complete_no_prestige": {
    "criteria": {
      "Prestige Mode Disabled": "2025-05-02 04:01:29 +0000",
      "Completed Age of ALLTHETHINGSOMGLOL§r": "2025-05-02 04:01:28 +0000"
    },
    "done": false
  },
  "sf4:age1/sapling": {
    "criteria": {
      "Completed SkyFactory 4§r": "2025-05-02 04:01:29 +0000",
      "Has Sapling": "2025-05-02 04:23:40 +0000",
      "Completed Root": "2025-05-02 04:01:29 +0000"
    },
    "done": false
  },
  "sf4:age1/amber/tin": {
    "criteria": {
      "Completed Root": "2025-05-02 04:01:29 +0000"
    },
    "done": false
  },
  "sf4:age_farming/complete_no_prestige": {
    "criteria": {
      "Prestige Mode Disabled": "2025-05-02 04:01:29 +0000",
      "Completed Shredded Wheat§r": "2025-05-02 04:42:10 +0000",
      "Completed Age of Farming§r": "2025-05-02 04:01:28 +0000"
    },
    "done": false
  },
  "sf4:age1/acorn/dirt": {
    "criteria": {
      "Completed Root": "2025-05-02 04:01:29 +0000"
    },
    "done": false
  },
  "sf4:age_allthethingsomglol/root": {
    "criteria": {
      "inventoryChange": "2025-05-02 04:01:28 +0000"
    },
    "done": true
  }
}