{"stat.mineBlock.sky_orchards.log_coal":72,"stat.craftItem.sky_orchards.sapling_sand":1,"stat.leaveGame":5,"stat.mineBlock.rustic.leaves":52,"stat.entityKilledBy.Human":1,"stat.mineBlock.farmingforblockheads.market":1,"stat.pickup.rustic.crushing_tub":1,"stat.pickup.tconstruct.faucet":5,"stat.mineBlock.sky_orchards.log_dirt":60,"stat.pickup.sky_orchards.resin_cottonwood":30,"stat.pickup.minecraft.rotten_flesh":1,"stat.pickup.sky_orchards.acorn_diamond":68,"stat.craftItem.sky_orchards.sapling_gravel":2,"stat.pickup.sky_orchards.sapling_dirt":166,"stat.craftItem.minecraft.stone_axe":12,"stat.mineBlock.rustic.log":12,"stat.drop.minecraft.sand":7,"stat.pickup.sky_orchards.resin_petrified":289,"stat.craftItem.chisel.marble2":16,"stat.craftItem.minecraft.wooden_pickaxe":2,"stat.mineBlock.tconstruct.clear_glass":1,"stat.pickup.tcomplement.porcelain_melter":1,"stat.furnaceInteraction":481,"stat.useItem.minecraft.golden_carrot":5,"stat.useItem.sky_orchards.sapling_gold":3,"stat.mineBlock.sky_orchards.amber_iron":2,"stat.pickup.sky_orchards.acorn_coal":120,"stat.drop.sky_orchards.acorn_dirt":2,"stat.pickup.sky_orchards.acorn_dirt":137,"stat.pickup.inspirations.potato_seeds":3,"stat.pickup.sky_orchards.sapling_coal":75,"stat.pickup.ceramics.unfired_clay":3,"stat.pickup.minecraft.potion":2,"stat.pickup.tconstruct.smeltery_io":6,"stat.useItem.minecraft.wheat_seeds":6,"stat.pickup.sky_orchards.leaves_coal":7,"stat.useItem.minecraft.dye":407,"stat.deaths":16,"stat.useItem.tconstruct.smeltery_io":6,"stat.pickup.sky_orchards.leaves_dirt":9,"stat.drop.sky_orchards.sapling_tin":1,"stat.pickup.sky_orchards.sapling_lapis":35,"stat.drop.minecraft.iron_ingot":6,"stat.mineBlock.minecraft.tallgrass":399,"stat.useItem.sky_orchards.sapling_sand":1,"stat.pickup.tconstruct.seared":50,"stat.chestOpened":577,"stat.pickup.minecraft.arrow":2,"stat.pickup.sky_orchards.resin_redstone":36,"stat.craftItem.rustic.painted_wood_white":8,"stat.mineBlock.sky_orchards.leaves_iron":385,"stat.pickup.minecraft.gold_nugget":42,"stat.craftItem.minecraft.coal":206,"stat.useItem.sky_orchards.sapling_silver":1,"stat.useItem.sky_orchards.sapling_gravel":3,"stat.craftItem.sky_orchards.sapling_redstone":1,"stat.pickup.minecraft.carrot":167,"stat.crouchOneCm":88508,"stat.drop.sky_orchards.leaves_sand":3,"stat.craftItem.minecraft.diamond":9,"stat.craftItem.minecraft.iron_ingot":56,"stat.pickup.bonsaitrees.bonsaipot":1,"stat.pickup.sky_orchards.resin_lapis":29,"stat.craftItem.minecraft.hopper":3,"stat.craftingTableInteraction":304,"stat.craftItem.tconstruct.pattern":35,"stat.pickup.sky_orchards.acorn_redstone":18,"stat.mineBlock.tconstruct.smeltery_io":6,"stat.pickup.minecraft.dye":30,"stat.pickup.minecraft.planks":114,"stat.pickup.sky_orchards.resin_iron":362,"stat.pickup.minecraft.wheat_seeds":11,"stat.drop.sky_orchards.acorn_iron":3,"stat.mineBlock.minecraft.dirt":14,"stat.pickup.sky_orchards.acorn_iron":288,"stat.mineBlock.sky_orchards.leaves_lapis":203,"stat.pickup.tconstruct.pattern":1,"stat.pickup.sky_orchards.sapling_iron":59,"stat.pickup.inspirations.carrot_seeds":9,"stat.useItem.minecraft.cobblestone":404,"stat.mineBlock.minecraft.double_plant":1,"stat.pickup.tconstruct.pickaxe":1,"stat.drop.chiselsandbits.chiseled_grass":1,"stat.pickup.sky_orchards.resin_gravel":179,"stat.useItem.tconstruct.pickaxe":159,"stat.pickup.sky_orchards.resin_silver":15,"stat.craftItem.minecraft.gold_ingot":27,"stat.drop.minecraft.sapling":1,"stat.craftItem.chisel.chisel_iron":1,"stat.craftItem.minecraft.bucket":1,"stat.craftItem.minecraft.planks":1066,"stat.craftItem.minecraft.dirt":31,"stat.pickup.morecauldrons.oak_cauldron":9,"stat.mineBlock.minecraft.log":21,"stat.pickup.rustic.sapling_apple":2,"stat.craftItem.minecraft.paper":4,"stat.useItem.sky_orchards.sapling_diamond":11,"stat.useItem.sky_orchards.acorn_sand":58,"stat.pickup.minecraft.red_flower":17,"stat.mineBlock.sky_orchards.log_cottonwood":15,"stat.useItem.minecraft.wooden_axe":267,"stat.craftItem.minecraft.cobblestone":35,"stat.drop.minecraft.grass":8,"stat.drop.sky_orchards.resin_dirt":6,"stat.useItem.minecraft.iron_axe":250,"stat.mineBlock.minecraft.cobblestone":194,"stat.pickup.minecraft.flint":43,"stat.mineBlock.minecraft.yellow_flower":32,"stat.killEntity.Human":4,"stat.useItem.chiselsandbits.block_bit":1197,"stat.craftItem.minecraft.wool":3,"stat.pickup.pickletweaks.coal_piece":27,"stat.mineBlock.morecauldrons.oak_cauldron":8,"stat.useItem.minecraft.obsidian":1,"stat.mineBlock.sky_orchards.leaves_redstone":220,"stat.useItem.minecraft.stone_slab2":230,"stat.pickup.minecraft.iron_boots":1,"stat.craftItem.minecraft.furnace":3,"stat.craftItem.minecraft.lapis_block":1,"stat.pickup.tp.cobblegen_block":2,"stat.mineBlock.sky_orchards.leaves_dirt":701,"stat.craftItem.sky_orchards.amber_gold":21,"stat.drop.rustic.fertile_soil":1,"stat.flyOneCm":510297,"stat.mineBlock.sky_orchards.leaves_coal":759,"stat.mineBlock.morecauldrons.cobble_cauldron":3,"stat.timeSinceDeath":100054,"stat.pickup.chiselsandbits.block_bit":333,"stat.craftItem.tconstruct.seared":255,"stat.drop.chiselsandbits.chiseled_rock":1,"stat.useItem.tconstruct.rack":4,"stat.pickup.sky_orchards.acorn_lead":16,"stat.useItem.sky_orchards.amber_diamond":7,"stat.killEntity.Creeper":2,"stat.craftItem.minecraft.stone_hoe":1,"stat.mineBlock.sky_orchards.leaves_diamond":647,"stat.useItem.tp.toasted_bread":1,"stat.pickup.minecraft.string":4,"stat.pickup.sky_orchards.amber_iron":305,"stat.pickup.tcomplement.porcelain_casting":2,"stat.entityKilledBy.Skeleton":1,"stat.craftItem.tconstruct.stone_stick":4,"stat.useItem.sky_orchards.sapling_petrified":44,"stat.craftItem.tconstruct.tooltables":3,"stat.sprintOneCm":331712,"stat.craftItem.minecraft.wooden_axe":13,"stat.useItem.carryon.tile_item":11,"stat.mineBlock.sky_orchards.leaves_petrified":2073,"stat.pickup.sky_orchards.leaves_gravel":66,"stat.mineBlock.sky_orchards.log_lead":10,"stat.useItem.tconstruct.seared_tank":3,"stat.pickup.sky_orchards.resin_diamond":92,"stat.pickup.minecraft.iron_block":8,"stat.killEntity.Zombie":4,"stat.craftItem.minecraft.dye":529,"stat.diveOneCm":14119,"stat.drop.sky_orchards.sapling_clay":1,"stat.pickup.tconstruct.tooltables":3,"stat.pickup.minecraft.stone_axe":1,"stat.useItem.bonsaitrees.bonsaipot":1,"stat.pickup.minecraft.obsidian":1,"stat.craftItem.sky_orchards.sapling_coal":1,"stat.pickup.sky_orchards.resin_clay":424,"stat.useItem.minecraft.rotten_flesh":1,"stat.jump":3465,"stat.useItem.sky_orchards.sapling_redstone":2,"stat.pickup.minecraft.iron_ingot":6,"stat.pickup.tconstruct.seared_tank":8,"stat.pickup.minecraft.gunpowder":3,"stat.mineBlock.sky_orchards.log_sand":16,"stat.craftItem.minecraft.torch":4,"stat.pickup.minecraft.dirt":55,"stat.craftItem.sky_orchards.sapling_lapis":1,"stat.drop.ceramics.unfired_clay":43,"stat.pickup.rustic.log":12,"stat.pickup.sky_orchards.resin_bone":80,"stat.useItem.minecraft.sapling":1,"stat.damageTaken":4954,"stat.mineBlock.minecraft.torch":1,"stat.mineBlock.minecraft.red_flower":17,"stat.mineBlock.minecraft.sapling":5,"stat.craftItem.sky_orchards.amber_lead":3,"stat.useItem.sky_orchards.amber_iron":1,"stat.pickup.sky_orchards.sapling_clay":43,"stat.pickup.statues.blockplayerstatue":2,"stat.killEntity.bouncy_creepers.bouncy_creeper":1,"stat.useItem.sky_orchards.acorn_gravel":16,"stat.craftItem.tconstruct.smeltery_io":5,"stat.useItem.minecraft.chest":2,"stat.pickup.sky_orchards.sapling_bone":20,"stat.craftItem.chiselsandbits.chisel_iron":1,"stat.pickup.sky_orchards.leaves_sand":92,"stat.useItem.minecraft.lava_bucket":2,"stat.craftItem.morecauldrons.oak_cauldron":10,"stat.craftItem.sky_orchards.amber_silver":4,"stat.useItem.tconstruct.faucet":8,"stat.useItem.sky_orchards.sapling_lead":1,"stat.drop.inspirations.wooden_crook":5,"stat.craftItem.rustic.crushing_tub":2,"stat.mineBlock.sky_orchards.leaves_lead":99,"stat.mineBlock.sky_orchards.log_diamond":60,"stat.mobKills":13,"stat.mineBlock.sky_orchards.log_gold":21,"stat.pickup.minecraft.beetroot_seeds":15,"stat.mineBlock.rustic.crushing_tub":1,"stat.pickup.minecraft.torch":1,"stat.pickup.astralsorcery.blockmarble":2,"stat.drop.minecraft.stone_axe":1,"stat.mineBlock.tp.cobblegen_block":1,"stat.drop.tconstruct.seared_tank":1,"stat.pickup.rustic.ironberries":4,"stat.mineBlock.sky_orchards.log_petrified":202,"stat.pickup.tconstruct.book":1,"stat.craftItem.sky_orchards.sapling_cottonwood":1,"stat.mineBlock.tconstruct.seared_tank":8,"stat.useItem.sky_orchards.sapling_cottonwood":2,"stat.craftItem.minecraft.iron_axe":1,"stat.pickup.sky_orchards.resin_lead":16,"stat.useItem.minecraft.planks":337,"stat.drop.tconstruct.pickaxe":1,"stat.craftItem.sky_orchards.sapling_petrified":1,"stat.useItem.sky_orchards.sapling_iron":7,"stat.useItem.minecraft.water_bucket":6,"stat.useItem.inspirations.carrot_seeds":3,"stat.craftItem.tconstruct.casting":5,"stat.useItem.minecraft.ender_pearl":1,"stat.pickup.chiselsandbits.chiseled_wood":3,"stat.entityKilledBy.thermalfoundation.basalz":1,"stat.craftItem.minecraft.golden_carrot":35,"stat.pickup.xlfoodmod.lettuce_seeds":2,"stat.mineBlock.sky_orchards.leaves_gold":221,"stat.useItem.chiselsandbits.chiseled_grass":3,"stat.pickup.tconstruct.cast":1,"stat.pickup.minecraft.iron_chestplate":1,"stat.craftItem.minecraft.sand":339,"stat.pickup.minecraft.pumpkin_seeds":6,"stat.pickup.chiselsandbits.chiseled_rock":1,"stat.drop.chiselsandbits.block_bit":45,"stat.playOneMinute":606202,"stat.pickup.tconstruct.rack":8,"stat.drop.xlfoodmod.lettuce_seeds":1,"stat.useItem.sky_orchards.acorn_dirt":18,"stat.drop.statues.blockplayerstatue":2,"stat.useItem.rustic.painted_wood_red":1,"stat.pickup.tconstruct.casting":37,"stat.drop.sky_orchards.resin_sand":1,"stat.pickup.sky_orchards.acorn_petrified":250,"stat.craftItem.sky_orchards.sapling_diamond":1,"stat.useItem.inspirations.wooden_crook":2724,"stat.pickup.sky_orchards.resin_sand":310,"stat.mineBlock.tconstruct.faucet":5,"stat.pickup.sky_orchards.resin_gold":29,"stat.fallOneCm":904105,"stat.pickup.sky_orchards.leaves_bone":18,"stat.pickup.minecraft.melon_seeds":6,"stat.drop.sky_orchards.leaves_gravel":64,"stat.mineBlock.sky_orchards.amber_gold":2,"stat.craftItem.tconstruct.toolforge":1,"stat.craftItem.minecraft.chest":10,"stat.craftItem.astralsorcery.blockblackmarble":8,"stat.mineBlock.sky_orchards.leaves_sand":165,"stat.pickup.sky_orchards.sapling_sand":32,"stat.drop.minecraft.bone":4,"stat.useItem.minecraft.furnace":1,"stat.craftItem.tconstruct.materials":1264,"stat.pickup.sky_orchards.sapling_gold":35,"stat.pickup.minecraft.iron_leggings":1,"stat.pickup.rustic.fertile_soil":2,"stat.mineBlock.sky_orchards.sapling_petrified":1,"stat.useItem.minecraft.stone_pickaxe":143,"stat.craftItem.tconstruct.seared_tank":5,"stat.drop.tconstruct.seared":1,"stat.mineBlock.sky_orchards.log_bone":16,"stat.craftItem.sky_orchards.amber_tin":2,"stat.drop.minecraft.stick":1,"stat.useItem.minecraft.torch":3,"stat.mineBlock.sky_orchards.sapling_dirt":1,"stat.pickup.sky_orchards.leaves_clay":86,"stat.useItem.minecraft.log":16,"stat.pickup.sky_orchards.acorn_gold":18,"stat.craftItem.minecraft.crafting_table":3,"stat.craftItem.ceramics.clay_bucket":6,"stat.mineBlock.sky_orchards.sapling_coal":1,"stat.pickup.minecraft.log":1340,"stat.useItem.sky_orchards.acorn_iron":8,"stat.pickup.astralsorcery.blockaltar":4,"stat.pickup.sky_orchards.acorn_sand":289,"stat.drop.minecraft.planks":5,"stat.pickup.minecraft.sapling":9,"stat.craftItem.astralsorcery.blockaltar":1,"stat.mineBlock.minecraft.iron_block":4,"stat.craftItem.tconstruct.smeltery_controller":1,"stat.pickup.minecraft.beetroot":8,"stat.mineBlock.sky_orchards.log_clay":23,"stat.useItem.minecraft.stone_hoe":33,"stat.pickup.sky_orchards.acorn_lapis":23,"stat.drop.tconstruct.hatchet":1,"stat.useItem.sky_orchards.sapling_coal":14,"stat.useItem.minecraft.beetroot_seeds":2,"stat.sneakTime":29878,"stat.pickup.sky_orchards.sapling_diamond":30,"stat.drop.minecraft.bucket":1,"stat.pickup.minecraft.yellow_flower":32,"stat.useItem.sky_orchards.sapling_dirt":12,"stat.drop.minecraft.wooden_axe":1,"stat.pickup.minecraft.bone":4,"stat.craftItem.ceramics.unfired_clay":50,"stat.mineBlock.sky_orchards.leaves_gravel":194,"stat.craftItem.tconstruct.faucet":6,"stat.mineBlock.sky_orchards.leaves_silver":109,"stat.pickup.sky_orchards.resin_dirt":108,"stat.pickup.sky_orchards.amber_gold":2,"stat.craftItem.sky_orchards.amber_iron":89,"stat.swimOneCm":1508,"stat.useItem.sky_orchards.sapling_lapis":3,"stat.craftItem.inspirations.stone_crook":6,"stat.useItem.sky_orchards.sapling_bone":1,"stat.useItem.minecraft.dirt":85,"stat.drop.tconstruct.tool_rod":1,"stat.drop.sky_orchards.acorn_lapis":1,"stat.drop.minecraft.brick":1,"stat.pickup.chiselsandbits.chiseled_grass":4,"stat.craftItem.minecraft.bone_block":57,"stat.craftItem.minecraft.stone_pickaxe":4,"stat.pickup.minecraft.cobblestone":170,"stat.pickup.minecraft.clay":65,"stat.pickup.sky_orchards.sapling_lead":21,"stat.pickup.sky_orchards.resin_coal":125,"stat.craftItem.minecraft.wooden_slab":30,"stat.craftItem.sky_orchards.amber_lapis":1,"stat.drop.minecraft.clay_ball":4,"stat.pickup.sky_orchards.sapling_petrified":225,"stat.craftItem.minecraft.book":1,"stat.mineBlock.astralsorcery.blockaltar":4,"stat.mineBlock.sky_orchards.leaves_cottonwood":160,"stat.craftItem.rustic.painted_wood_red":8,"stat.pickup.tconstruct.soil":42,"stat.pickup.rustic.sapling":3,"stat.useItem.sky_orchards.sapling_clay":3,"stat.drop.sky_orchards.sapling_cottonwood":1,"stat.useItem.xlfoodmod.coffee":1,"stat.craftItem.tconstruct.soil":1264,"stat.pickup.tconstruct.smeltery_controller":2,"stat.mineBlock.sky_orchards.leaves_clay":277,"stat.craftItem.minecraft.stone_slab2":0,"stat.pickup.sky_orchards.sapling_cottonwood":11,"stat.drop.conarm.chest_core":2,"stat.mineBlock.tcomplement.porcelain_melter":1,"stat.drop.sky_orchards.resin_gravel":3,"stat.craftItem.minecraft.stick":368,"stat.craftItem.minecraft.gold_nugget":243,"stat.pickup.minecraft.grass":2,"stat.useItem.tconstruct.casting":2,"stat.useItem.minecraft.carrot":5,"stat.craftItem.minecraft.clay_ball":460,"stat.drop.morecauldrons.oak_cauldron":1,"stat.pickup.tconstruct.sword_blade":1,"stat.pickup.xlfoodmod.coffee_cup":2,"stat.mineBlock.minecraft.planks":72,"stat.drop":75,"stat.craftItem.sky_orchards.sapling_clay":4,"stat.useItem.tconstruct.seared":275,"stat.craftItem.minecraft.clay":122,"stat.useItem.inspirations.stone_crook":1268,"stat.pickup.sky_orchards.acorn_cottonwood":13,"stat.mineBlock.sky_orchards.leaves_bone":120,"stat.drop.minecraft.wooden_pickaxe":2,"stat.useItem.minecraft.glass_bottle":1,"stat.mineBlock.tconstruct.smeltery_controller":2,"stat.pickup.morecauldrons.cobble_cauldron":3,"stat.mineBlock.rustic.sapling":1,"stat.craftItem.tconstruct.rack":8,"stat.pickup.minecraft.iron_helmet":1,"stat.pickup.sky_orchards.sapling_redstone":9,"stat.craftItem.bonsaitrees.bonsaipot":11,"stat.useItem.minecraft.stone_axe":92,"stat.craftItem.tconstruct.book":1,"stat.pickup.farmingforblockheads.market":1,"stat.pickup.sky_orchards.leaves_cottonwood":3,"stat.drop.inspirations.stone_crook":1,"stat.pickup.minecraft.leaves":2,"stat.mineBlock.tconstruct.tooltables":3,"stat.mineBlock.sky_orchards.log_lapis":18,"stat.drop.sky_orchards.leaves_clay":1,"stat.useItem.minecraft.wooden_pickaxe":22,"stat.pickup.mysticalagriculture.crafting":1,"stat.mineBlock.sky_orchards.log_redstone":21,"stat.damageDealt":3959,"stat.craftItem.minecraft.glass":16,"stat.craftItem.minecraft.bowl":4,"stat.mineBlock.sky_orchards.log_iron":32,"stat.craftItem.minecraft.gravel":318,"stat.pickup.sky_orchards.acorn_bone":121,"stat.walkOneCm":1096873,"stat.pickup.ceramics.clay_bucket":4,"stat.useItem.morecauldrons.oak_cauldron":8,"stat.playerKills":5,"stat.pickup.minecraft.stick":312,"stat.pickup.minecraft.clay_ball":205,"stat.craftItem.inspirations.wooden_crook":63,"stat.pickup.sky_orchards.acorn_clay":228,"stat.mineBlock.sky_orchards.log_silver":10,"stat.useItem.rustic.painted_wood_white":1,"stat.drop.minecraft.iron_block":16,"stat.mineBlock.sky_orchards.log_gravel":32,"stat.pickup.sky_orchards.acorn_gravel":241,"stat.useItem.sky_orchards.acorn_bone":5,"stat.craftItem.sky_orchards.amber_redstone":4,"stat.pickup.sky_orchards.acorn_silver":9,"stat.craftItem.minecraft.redstone":36,"stat.pickup.sky_orchards.sapling_gravel":28,"stat.pickup.sky_orchards.sapling_silver":4,"stat.killEntity.Skeleton":2,"stat.useItem.sky_orchards.acorn_clay":20,"stat.useItem.sky_orchards.amber_gold":2,"stat.drop.sky_orchards.resin_clay":3,"stat.mineBlock.tcomplement.porcelain_casting":2,"stat.craftItem.farmingforblockheads.market":1,"stat.mineBlock.minecraft.leaves":52,"stat.craftItem.sky_orchards.amber_diamond":8,"stat.mineBlock.tconstruct.seared":50,"stat.mineBlock.tconstruct.casting":38,"stat.craftItem.minecraft.coal_block":2,"stat.craftItem.tcomplement.materials":1,"stat.craftItem.minecraft.brick":51,"stat.drop.tconstruct.book":1,"stat.useItem.tconstruct.hatchet":392}